"","group","subject","item","region","measure","sort","condition","skips","rawdata","nozero","ambiguity","continuation"
"19201","Native",1,38,"spillover2","rp","spillover2 rp",6,0,244,244,"Unambiguous","Consistent"
"19203","Native",1,39,"spillover2","rp","spillover2 rp",7,0,1011,1011,"Ambiguous","Inconsistent"
"19205","Native",1,26,"spillover2","rp","spillover2 rp",6,0,818,818,"Unambiguous","Consistent"
"19207","Native",1,34,"spillover2","rp","spillover2 rp",6,0,190,190,"Unambiguous","Consistent"
"19209","Native",1,46,"spillover2","rp","spillover2 rp",6,0,773,773,"Unambiguous","Consistent"
"19211","Native",1,29,"spillover2","rp","spillover2 rp",5,0,614,614,"Ambiguous","Consistent"
"19213","Native",1,36,"spillover2","rp","spillover2 rp",8,1,0,NA,"Unambiguous","Inconsistent"
"19215","Native",1,30,"spillover2","rp","spillover2 rp",6,0,540,540,"Unambiguous","Consistent"
"19217","Native",1,40,"spillover2","rp","spillover2 rp",8,1,0,NA,"Unambiguous","Inconsistent"
"19219","Native",1,33,"spillover2","rp","spillover2 rp",5,0,214,214,"Ambiguous","Consistent"
"19221","Native",1,43,"spillover2","rp","spillover2 rp",7,1,0,NA,"Ambiguous","Inconsistent"
"19223","Native",1,28,"spillover2","rp","spillover2 rp",8,0,230,230,"Unambiguous","Inconsistent"
"19225","Native",1,31,"spillover2","rp","spillover2 rp",7,0,289,289,"Ambiguous","Inconsistent"
"19227","Native",1,45,"spillover2","rp","spillover2 rp",5,1,0,NA,"Ambiguous","Consistent"
"19229","Native",1,25,"spillover2","rp","spillover2 rp",5,1,0,NA,"Ambiguous","Consistent"
"19231","Native",1,41,"spillover2","rp","spillover2 rp",5,0,1675,1675,"Ambiguous","Consistent"
"19233","Native",1,42,"spillover2","rp","spillover2 rp",6,0,362,362,"Unambiguous","Consistent"
"19235","Native",1,37,"spillover2","rp","spillover2 rp",5,0,460,460,"Ambiguous","Consistent"
"19237","Native",1,32,"spillover2","rp","spillover2 rp",8,0,1526,1526,"Unambiguous","Inconsistent"
"19239","Native",1,48,"spillover2","rp","spillover2 rp",8,0,460,460,"Unambiguous","Inconsistent"
"19241","Native",1,47,"spillover2","rp","spillover2 rp",7,0,361,361,"Ambiguous","Inconsistent"
"19243","Native",1,44,"spillover2","rp","spillover2 rp",8,0,182,182,"Unambiguous","Inconsistent"
"19245","Native",1,27,"spillover2","rp","spillover2 rp",7,0,877,877,"Ambiguous","Inconsistent"
"19247","Native",1,35,"spillover2","rp","spillover2 rp",7,0,204,204,"Ambiguous","Inconsistent"
"19249","Native",2,46,"spillover2","rp","spillover2 rp",7,0,16001,16001,"Ambiguous","Inconsistent"
"19251","Native",2,25,"spillover2","rp","spillover2 rp",6,0,947,947,"Unambiguous","Consistent"
"19253","Native",2,39,"spillover2","rp","spillover2 rp",8,0,603,603,"Unambiguous","Inconsistent"
"19255","Native",2,38,"spillover2","rp","spillover2 rp",7,0,786,786,"Ambiguous","Inconsistent"
"19257","Native",2,30,"spillover2","rp","spillover2 rp",7,0,404,404,"Ambiguous","Inconsistent"
"19259","Native",2,27,"spillover2","rp","spillover2 rp",8,1,0,NA,"Unambiguous","Inconsistent"
"19261","Native",2,29,"spillover2","rp","spillover2 rp",6,1,0,NA,"Unambiguous","Consistent"
"19263","Native",2,33,"spillover2","rp","spillover2 rp",6,0,569,569,"Unambiguous","Consistent"
"19265","Native",2,32,"spillover2","rp","spillover2 rp",5,0,1259,1259,"Ambiguous","Consistent"
"19267","Native",2,43,"spillover2","rp","spillover2 rp",8,0,233,233,"Unambiguous","Inconsistent"
"19269","Native",2,45,"spillover2","rp","spillover2 rp",6,0,446,446,"Unambiguous","Consistent"
"19271","Native",2,48,"spillover2","rp","spillover2 rp",5,0,178,178,"Ambiguous","Consistent"
"19273","Native",2,47,"spillover2","rp","spillover2 rp",8,0,402,402,"Unambiguous","Inconsistent"
"19275","Native",2,31,"spillover2","rp","spillover2 rp",8,0,1751,1751,"Unambiguous","Inconsistent"
"19277","Native",2,26,"spillover2","rp","spillover2 rp",7,1,0,NA,"Ambiguous","Inconsistent"
"19279","Native",2,42,"spillover2","rp","spillover2 rp",7,0,721,721,"Ambiguous","Inconsistent"
"19281","Native",2,36,"spillover2","rp","spillover2 rp",5,0,543,543,"Ambiguous","Consistent"
"19283","Native",2,35,"spillover2","rp","spillover2 rp",8,0,826,826,"Unambiguous","Inconsistent"
"19285","Native",2,44,"spillover2","rp","spillover2 rp",5,0,188,188,"Ambiguous","Consistent"
"19287","Native",2,41,"spillover2","rp","spillover2 rp",6,0,206,206,"Unambiguous","Consistent"
"19289","Native",2,37,"spillover2","rp","spillover2 rp",6,0,680,680,"Unambiguous","Consistent"
"19291","Native",2,40,"spillover2","rp","spillover2 rp",5,0,195,195,"Ambiguous","Consistent"
"19293","Native",2,28,"spillover2","rp","spillover2 rp",5,0,220,220,"Ambiguous","Consistent"
"19295","Native",2,34,"spillover2","rp","spillover2 rp",7,0,374,374,"Ambiguous","Inconsistent"
"19298","Native",3,34,"spillover2","rp","spillover2 rp",8,0,321,321,"Unambiguous","Inconsistent"
"19300","Native",3,30,"spillover2","rp","spillover2 rp",8,0,460,460,"Unambiguous","Inconsistent"
"19302","Native",3,38,"spillover2","rp","spillover2 rp",8,0,645,645,"Unambiguous","Inconsistent"
"19304","Native",3,43,"spillover2","rp","spillover2 rp",5,0,303,303,"Ambiguous","Consistent"
"19306","Native",3,47,"spillover2","rp","spillover2 rp",5,0,715,715,"Ambiguous","Consistent"
"19308","Native",3,25,"spillover2","rp","spillover2 rp",7,0,549,549,"Ambiguous","Inconsistent"
"19310","Native",3,37,"spillover2","rp","spillover2 rp",7,0,253,253,"Ambiguous","Inconsistent"
"19312","Native",3,40,"spillover2","rp","spillover2 rp",6,1,0,NA,"Unambiguous","Consistent"
"19314","Native",3,42,"spillover2","rp","spillover2 rp",8,0,1422,1422,"Unambiguous","Inconsistent"
"19316","Native",3,33,"spillover2","rp","spillover2 rp",7,0,443,443,"Ambiguous","Inconsistent"
"19318","Native",3,39,"spillover2","rp","spillover2 rp",5,0,345,345,"Ambiguous","Consistent"
"19320","Native",3,41,"spillover2","rp","spillover2 rp",7,0,249,249,"Ambiguous","Inconsistent"
"19322","Native",3,27,"spillover2","rp","spillover2 rp",5,1,0,NA,"Ambiguous","Consistent"
"19324","Native",3,29,"spillover2","rp","spillover2 rp",7,0,704,704,"Ambiguous","Inconsistent"
"19326","Native",3,46,"spillover2","rp","spillover2 rp",8,0,688,688,"Unambiguous","Inconsistent"
"19328","Native",3,28,"spillover2","rp","spillover2 rp",6,0,376,376,"Unambiguous","Consistent"
"19330","Native",3,35,"spillover2","rp","spillover2 rp",5,0,579,579,"Ambiguous","Consistent"
"19332","Native",3,45,"spillover2","rp","spillover2 rp",7,0,232,232,"Ambiguous","Inconsistent"
"19334","Native",3,32,"spillover2","rp","spillover2 rp",6,0,498,498,"Unambiguous","Consistent"
"19336","Native",3,26,"spillover2","rp","spillover2 rp",8,0,629,629,"Unambiguous","Inconsistent"
"19338","Native",3,36,"spillover2","rp","spillover2 rp",6,0,243,243,"Unambiguous","Consistent"
"19340","Native",3,31,"spillover2","rp","spillover2 rp",5,0,321,321,"Ambiguous","Consistent"
"19342","Native",3,48,"spillover2","rp","spillover2 rp",6,0,274,274,"Unambiguous","Consistent"
"19344","Native",3,44,"spillover2","rp","spillover2 rp",6,0,337,337,"Unambiguous","Consistent"
"19346","Native",4,43,"spillover2","rp","spillover2 rp",6,0,517,517,"Unambiguous","Consistent"
"19348","Native",4,33,"spillover2","rp","spillover2 rp",8,0,299,299,"Unambiguous","Inconsistent"
"19350","Native",4,29,"spillover2","rp","spillover2 rp",8,0,299,299,"Unambiguous","Inconsistent"
"19352","Native",4,41,"spillover2","rp","spillover2 rp",8,1,0,NA,"Unambiguous","Inconsistent"
"19354","Native",4,26,"spillover2","rp","spillover2 rp",5,0,219,219,"Ambiguous","Consistent"
"19356","Native",4,28,"spillover2","rp","spillover2 rp",7,0,178,178,"Ambiguous","Inconsistent"
"19358","Native",4,25,"spillover2","rp","spillover2 rp",8,0,319,319,"Unambiguous","Inconsistent"
"19360","Native",4,34,"spillover2","rp","spillover2 rp",5,0,239,239,"Ambiguous","Consistent"
"19362","Native",4,38,"spillover2","rp","spillover2 rp",5,0,488,488,"Ambiguous","Consistent"
"19364","Native",4,30,"spillover2","rp","spillover2 rp",5,0,116,116,"Ambiguous","Consistent"
"19366","Native",4,48,"spillover2","rp","spillover2 rp",7,0,153,153,"Ambiguous","Inconsistent"
"19368","Native",4,27,"spillover2","rp","spillover2 rp",6,1,0,NA,"Unambiguous","Consistent"
"19370","Native",4,35,"spillover2","rp","spillover2 rp",6,0,303,303,"Unambiguous","Consistent"
"19372","Native",4,45,"spillover2","rp","spillover2 rp",8,0,302,302,"Unambiguous","Inconsistent"
"19374","Native",4,42,"spillover2","rp","spillover2 rp",5,0,307,307,"Ambiguous","Consistent"
"19376","Native",4,47,"spillover2","rp","spillover2 rp",6,0,423,423,"Unambiguous","Consistent"
"19378","Native",4,39,"spillover2","rp","spillover2 rp",6,0,336,336,"Unambiguous","Consistent"
"19380","Native",4,44,"spillover2","rp","spillover2 rp",7,1,0,NA,"Ambiguous","Inconsistent"
"19382","Native",4,32,"spillover2","rp","spillover2 rp",7,0,330,330,"Ambiguous","Inconsistent"
"19384","Native",4,37,"spillover2","rp","spillover2 rp",8,0,170,170,"Unambiguous","Inconsistent"
"19386","Native",4,46,"spillover2","rp","spillover2 rp",5,0,622,622,"Ambiguous","Consistent"
"19388","Native",4,31,"spillover2","rp","spillover2 rp",6,0,150,150,"Unambiguous","Consistent"
"19390","Native",4,40,"spillover2","rp","spillover2 rp",7,1,0,NA,"Ambiguous","Inconsistent"
"19392","Native",4,36,"spillover2","rp","spillover2 rp",7,1,0,NA,"Ambiguous","Inconsistent"
"19393","Native",5,39,"spillover2","rp","spillover2 rp",7,0,299,299,"Ambiguous","Inconsistent"
"19395","Native",5,33,"spillover2","rp","spillover2 rp",5,0,313,313,"Ambiguous","Consistent"
"19397","Native",5,30,"spillover2","rp","spillover2 rp",6,0,461,461,"Unambiguous","Consistent"
"19399","Native",5,46,"spillover2","rp","spillover2 rp",6,0,6091,6091,"Unambiguous","Consistent"
"19401","Native",5,25,"spillover2","rp","spillover2 rp",5,0,315,315,"Ambiguous","Consistent"
"19403","Native",5,42,"spillover2","rp","spillover2 rp",6,0,365,365,"Unambiguous","Consistent"
"19405","Native",5,41,"spillover2","rp","spillover2 rp",5,0,435,435,"Ambiguous","Consistent"
"19407","Native",5,36,"spillover2","rp","spillover2 rp",8,1,0,NA,"Unambiguous","Inconsistent"
"19409","Native",5,34,"spillover2","rp","spillover2 rp",6,0,749,749,"Unambiguous","Consistent"
"19411","Native",5,35,"spillover2","rp","spillover2 rp",7,0,238,238,"Ambiguous","Inconsistent"
"19413","Native",5,43,"spillover2","rp","spillover2 rp",7,0,459,459,"Ambiguous","Inconsistent"
"19415","Native",5,47,"spillover2","rp","spillover2 rp",7,0,335,335,"Ambiguous","Inconsistent"
"19417","Native",5,38,"spillover2","rp","spillover2 rp",6,0,223,223,"Unambiguous","Consistent"
"19419","Native",5,27,"spillover2","rp","spillover2 rp",7,1,0,NA,"Ambiguous","Inconsistent"
"19421","Native",5,45,"spillover2","rp","spillover2 rp",5,0,263,263,"Ambiguous","Consistent"
"19423","Native",5,37,"spillover2","rp","spillover2 rp",5,0,416,416,"Ambiguous","Consistent"
"19425","Native",5,48,"spillover2","rp","spillover2 rp",8,1,0,NA,"Unambiguous","Inconsistent"
"19427","Native",5,44,"spillover2","rp","spillover2 rp",8,0,199,199,"Unambiguous","Inconsistent"
"19429","Native",5,26,"spillover2","rp","spillover2 rp",6,0,415,415,"Unambiguous","Consistent"
"19431","Native",5,32,"spillover2","rp","spillover2 rp",8,0,545,545,"Unambiguous","Inconsistent"
"19433","Native",5,28,"spillover2","rp","spillover2 rp",8,0,501,501,"Unambiguous","Inconsistent"
"19435","Native",5,31,"spillover2","rp","spillover2 rp",7,0,330,330,"Ambiguous","Inconsistent"
"19437","Native",5,29,"spillover2","rp","spillover2 rp",5,1,0,NA,"Ambiguous","Consistent"
"19439","Native",5,40,"spillover2","rp","spillover2 rp",8,0,467,467,"Unambiguous","Inconsistent"
"19442","Native",6,30,"spillover2","rp","spillover2 rp",7,0,127,127,"Ambiguous","Inconsistent"
"19444","Native",6,35,"spillover2","rp","spillover2 rp",8,0,151,151,"Unambiguous","Inconsistent"
"19446","Native",6,43,"spillover2","rp","spillover2 rp",8,0,511,511,"Unambiguous","Inconsistent"
"19448","Native",6,36,"spillover2","rp","spillover2 rp",5,1,0,NA,"Ambiguous","Consistent"
"19450","Native",6,32,"spillover2","rp","spillover2 rp",5,0,746,746,"Ambiguous","Consistent"
"19452","Native",6,37,"spillover2","rp","spillover2 rp",6,0,150,150,"Unambiguous","Consistent"
"19454","Native",6,47,"spillover2","rp","spillover2 rp",8,0,99,99,"Unambiguous","Inconsistent"
"19456","Native",6,33,"spillover2","rp","spillover2 rp",6,0,338,338,"Unambiguous","Consistent"
"19458","Native",6,41,"spillover2","rp","spillover2 rp",6,1,0,NA,"Unambiguous","Consistent"
"19460","Native",6,26,"spillover2","rp","spillover2 rp",7,1,0,NA,"Ambiguous","Inconsistent"
"19462","Native",6,39,"spillover2","rp","spillover2 rp",8,0,484,484,"Unambiguous","Inconsistent"
"19464","Native",6,38,"spillover2","rp","spillover2 rp",7,0,384,384,"Ambiguous","Inconsistent"
"19466","Native",6,25,"spillover2","rp","spillover2 rp",6,0,170,170,"Unambiguous","Consistent"
"19468","Native",6,34,"spillover2","rp","spillover2 rp",7,0,175,175,"Ambiguous","Inconsistent"
"19470","Native",6,27,"spillover2","rp","spillover2 rp",8,1,0,NA,"Unambiguous","Inconsistent"
"19472","Native",6,48,"spillover2","rp","spillover2 rp",5,0,225,225,"Ambiguous","Consistent"
"19474","Native",6,28,"spillover2","rp","spillover2 rp",5,0,138,138,"Ambiguous","Consistent"
"19476","Native",6,31,"spillover2","rp","spillover2 rp",8,0,132,132,"Unambiguous","Inconsistent"
"19478","Native",6,46,"spillover2","rp","spillover2 rp",7,0,168,168,"Ambiguous","Inconsistent"
"19480","Native",6,40,"spillover2","rp","spillover2 rp",5,1,0,NA,"Ambiguous","Consistent"
"19482","Native",6,42,"spillover2","rp","spillover2 rp",7,0,317,317,"Ambiguous","Inconsistent"
"19484","Native",6,45,"spillover2","rp","spillover2 rp",6,0,437,437,"Unambiguous","Consistent"
"19486","Native",6,44,"spillover2","rp","spillover2 rp",5,1,0,NA,"Ambiguous","Consistent"
"19488","Native",6,29,"spillover2","rp","spillover2 rp",6,0,169,169,"Unambiguous","Consistent"
"19489","Native",7,44,"spillover2","rp","spillover2 rp",6,1,0,NA,"Unambiguous","Consistent"
"19491","Native",7,35,"spillover2","rp","spillover2 rp",5,0,414,414,"Ambiguous","Consistent"
"19493","Native",7,26,"spillover2","rp","spillover2 rp",8,0,409,409,"Unambiguous","Inconsistent"
"19495","Native",7,38,"spillover2","rp","spillover2 rp",8,0,214,214,"Unambiguous","Inconsistent"
"19497","Native",7,28,"spillover2","rp","spillover2 rp",6,0,164,164,"Unambiguous","Consistent"
"19499","Native",7,45,"spillover2","rp","spillover2 rp",7,0,192,192,"Ambiguous","Inconsistent"
"19501","Native",7,41,"spillover2","rp","spillover2 rp",7,0,200,200,"Ambiguous","Inconsistent"
"19503","Native",7,43,"spillover2","rp","spillover2 rp",5,0,255,255,"Ambiguous","Consistent"
"19505","Native",7,27,"spillover2","rp","spillover2 rp",5,0,220,220,"Ambiguous","Consistent"
"19507","Native",7,32,"spillover2","rp","spillover2 rp",6,0,426,426,"Unambiguous","Consistent"
"19509","Native",7,47,"spillover2","rp","spillover2 rp",5,0,580,580,"Ambiguous","Consistent"
"19511","Native",7,42,"spillover2","rp","spillover2 rp",8,0,393,393,"Unambiguous","Inconsistent"
"19513","Native",7,29,"spillover2","rp","spillover2 rp",7,0,176,176,"Ambiguous","Inconsistent"
"19515","Native",7,46,"spillover2","rp","spillover2 rp",8,0,10837,10837,"Unambiguous","Inconsistent"
"19517","Native",7,36,"spillover2","rp","spillover2 rp",6,0,226,226,"Unambiguous","Consistent"
"19519","Native",7,39,"spillover2","rp","spillover2 rp",5,0,511,511,"Ambiguous","Consistent"
"19521","Native",7,48,"spillover2","rp","spillover2 rp",6,0,392,392,"Unambiguous","Consistent"
"19523","Native",7,33,"spillover2","rp","spillover2 rp",7,0,1630,1630,"Ambiguous","Inconsistent"
"19525","Native",7,34,"spillover2","rp","spillover2 rp",8,0,345,345,"Unambiguous","Inconsistent"
"19527","Native",7,40,"spillover2","rp","spillover2 rp",6,0,349,349,"Unambiguous","Consistent"
"19529","Native",7,30,"spillover2","rp","spillover2 rp",8,0,175,175,"Unambiguous","Inconsistent"
"19531","Native",7,25,"spillover2","rp","spillover2 rp",7,0,466,466,"Ambiguous","Inconsistent"
"19533","Native",7,31,"spillover2","rp","spillover2 rp",5,0,233,233,"Ambiguous","Consistent"
"19535","Native",7,37,"spillover2","rp","spillover2 rp",7,0,413,413,"Ambiguous","Inconsistent"
"19538","Native",8,46,"spillover2","rp","spillover2 rp",5,0,390,390,"Ambiguous","Consistent"
"19540","Native",8,41,"spillover2","rp","spillover2 rp",8,0,246,246,"Unambiguous","Inconsistent"
"19542","Native",8,39,"spillover2","rp","spillover2 rp",6,0,380,380,"Unambiguous","Consistent"
"19544","Native",8,35,"spillover2","rp","spillover2 rp",6,0,1012,1012,"Unambiguous","Consistent"
"19546","Native",8,26,"spillover2","rp","spillover2 rp",5,0,260,260,"Ambiguous","Consistent"
"19548","Native",8,44,"spillover2","rp","spillover2 rp",7,0,262,262,"Ambiguous","Inconsistent"
"19550","Native",8,38,"spillover2","rp","spillover2 rp",5,0,329,329,"Ambiguous","Consistent"
"19552","Native",8,28,"spillover2","rp","spillover2 rp",7,0,168,168,"Ambiguous","Inconsistent"
"19554","Native",8,34,"spillover2","rp","spillover2 rp",5,0,292,292,"Ambiguous","Consistent"
"19556","Native",8,36,"spillover2","rp","spillover2 rp",7,0,480,480,"Ambiguous","Inconsistent"
"19558","Native",8,48,"spillover2","rp","spillover2 rp",7,0,214,214,"Ambiguous","Inconsistent"
"19560","Native",8,47,"spillover2","rp","spillover2 rp",6,0,202,202,"Unambiguous","Consistent"
"19562","Native",8,25,"spillover2","rp","spillover2 rp",8,0,1014,1014,"Unambiguous","Inconsistent"
"19564","Native",8,43,"spillover2","rp","spillover2 rp",6,0,200,200,"Unambiguous","Consistent"
"19566","Native",8,42,"spillover2","rp","spillover2 rp",5,0,737,737,"Ambiguous","Consistent"
"19568","Native",8,31,"spillover2","rp","spillover2 rp",6,0,328,328,"Unambiguous","Consistent"
"19570","Native",8,32,"spillover2","rp","spillover2 rp",7,0,221,221,"Ambiguous","Inconsistent"
"19572","Native",8,33,"spillover2","rp","spillover2 rp",8,0,438,438,"Unambiguous","Inconsistent"
"19574","Native",8,27,"spillover2","rp","spillover2 rp",6,0,195,195,"Unambiguous","Consistent"
"19576","Native",8,45,"spillover2","rp","spillover2 rp",8,0,498,498,"Unambiguous","Inconsistent"
"19578","Native",8,30,"spillover2","rp","spillover2 rp",5,0,166,166,"Ambiguous","Consistent"
"19580","Native",8,37,"spillover2","rp","spillover2 rp",8,0,256,256,"Unambiguous","Inconsistent"
"19582","Native",8,29,"spillover2","rp","spillover2 rp",8,0,223,223,"Unambiguous","Inconsistent"
"19584","Native",8,40,"spillover2","rp","spillover2 rp",7,0,373,373,"Ambiguous","Inconsistent"
"19585","Native",9,40,"spillover2","rp","spillover2 rp",8,1,0,NA,"Unambiguous","Inconsistent"
"19587","Native",9,37,"spillover2","rp","spillover2 rp",5,0,195,195,"Ambiguous","Consistent"
"19589","Native",9,42,"spillover2","rp","spillover2 rp",6,0,312,312,"Unambiguous","Consistent"
"19591","Native",9,39,"spillover2","rp","spillover2 rp",7,0,908,908,"Ambiguous","Inconsistent"
"19593","Native",9,35,"spillover2","rp","spillover2 rp",7,0,682,682,"Ambiguous","Inconsistent"
"19595","Native",9,38,"spillover2","rp","spillover2 rp",6,0,384,384,"Unambiguous","Consistent"
"19597","Native",9,26,"spillover2","rp","spillover2 rp",6,0,221,221,"Unambiguous","Consistent"
"19599","Native",9,32,"spillover2","rp","spillover2 rp",8,0,679,679,"Unambiguous","Inconsistent"
"19601","Native",9,29,"spillover2","rp","spillover2 rp",5,0,184,184,"Ambiguous","Consistent"
"19603","Native",9,47,"spillover2","rp","spillover2 rp",7,0,202,202,"Ambiguous","Inconsistent"
"19605","Native",9,36,"spillover2","rp","spillover2 rp",8,0,180,180,"Unambiguous","Inconsistent"
"19607","Native",9,27,"spillover2","rp","spillover2 rp",7,0,187,187,"Ambiguous","Inconsistent"
"19609","Native",9,48,"spillover2","rp","spillover2 rp",8,0,347,347,"Unambiguous","Inconsistent"
"19611","Native",9,28,"spillover2","rp","spillover2 rp",8,0,205,205,"Unambiguous","Inconsistent"
"19613","Native",9,33,"spillover2","rp","spillover2 rp",5,0,166,166,"Ambiguous","Consistent"
"19615","Native",9,31,"spillover2","rp","spillover2 rp",7,0,463,463,"Ambiguous","Inconsistent"
"19617","Native",9,43,"spillover2","rp","spillover2 rp",7,0,146,146,"Ambiguous","Inconsistent"
"19619","Native",9,44,"spillover2","rp","spillover2 rp",8,1,0,NA,"Unambiguous","Inconsistent"
"19621","Native",9,45,"spillover2","rp","spillover2 rp",5,0,404,404,"Ambiguous","Consistent"
"19623","Native",9,46,"spillover2","rp","spillover2 rp",6,0,363,363,"Unambiguous","Consistent"
"19625","Native",9,30,"spillover2","rp","spillover2 rp",6,0,217,217,"Unambiguous","Consistent"
"19627","Native",9,25,"spillover2","rp","spillover2 rp",5,0,359,359,"Ambiguous","Consistent"
"19629","Native",9,41,"spillover2","rp","spillover2 rp",5,0,687,687,"Ambiguous","Consistent"
"19631","Native",9,34,"spillover2","rp","spillover2 rp",6,0,191,191,"Unambiguous","Consistent"
"19633","Native",10,40,"spillover2","rp","spillover2 rp",5,1,0,NA,"Ambiguous","Consistent"
"19635","Native",10,25,"spillover2","rp","spillover2 rp",6,0,386,386,"Unambiguous","Consistent"
"19637","Native",10,28,"spillover2","rp","spillover2 rp",5,0,688,688,"Ambiguous","Consistent"
"19639","Native",10,29,"spillover2","rp","spillover2 rp",6,0,326,326,"Unambiguous","Consistent"
"19641","Native",10,47,"spillover2","rp","spillover2 rp",8,0,196,196,"Unambiguous","Inconsistent"
"19643","Native",10,37,"spillover2","rp","spillover2 rp",6,0,193,193,"Unambiguous","Consistent"
"19645","Native",10,30,"spillover2","rp","spillover2 rp",7,0,784,784,"Ambiguous","Inconsistent"
"19647","Native",10,45,"spillover2","rp","spillover2 rp",6,0,626,626,"Unambiguous","Consistent"
"19649","Native",10,36,"spillover2","rp","spillover2 rp",5,0,375,375,"Ambiguous","Consistent"
"19651","Native",10,26,"spillover2","rp","spillover2 rp",7,0,114,114,"Ambiguous","Inconsistent"
"19653","Native",10,32,"spillover2","rp","spillover2 rp",5,0,324,324,"Ambiguous","Consistent"
"19655","Native",10,43,"spillover2","rp","spillover2 rp",8,0,206,206,"Unambiguous","Inconsistent"
"19657","Native",10,33,"spillover2","rp","spillover2 rp",6,0,456,456,"Unambiguous","Consistent"
"19659","Native",10,31,"spillover2","rp","spillover2 rp",8,0,161,161,"Unambiguous","Inconsistent"
"19661","Native",10,39,"spillover2","rp","spillover2 rp",8,0,441,441,"Unambiguous","Inconsistent"
"19663","Native",10,42,"spillover2","rp","spillover2 rp",7,0,534,534,"Ambiguous","Inconsistent"
"19665","Native",10,48,"spillover2","rp","spillover2 rp",5,0,359,359,"Ambiguous","Consistent"
"19667","Native",10,27,"spillover2","rp","spillover2 rp",8,0,146,146,"Unambiguous","Inconsistent"
"19669","Native",10,35,"spillover2","rp","spillover2 rp",8,0,816,816,"Unambiguous","Inconsistent"
"19671","Native",10,46,"spillover2","rp","spillover2 rp",7,0,832,832,"Ambiguous","Inconsistent"
"19673","Native",10,38,"spillover2","rp","spillover2 rp",7,0,304,304,"Ambiguous","Inconsistent"
"19675","Native",10,34,"spillover2","rp","spillover2 rp",7,0,822,822,"Ambiguous","Inconsistent"
"19677","Native",10,44,"spillover2","rp","spillover2 rp",5,0,201,201,"Ambiguous","Consistent"
"19679","Native",10,41,"spillover2","rp","spillover2 rp",6,0,361,361,"Unambiguous","Consistent"
"19681","Native",11,37,"spillover2","rp","spillover2 rp",7,0,502,502,"Ambiguous","Inconsistent"
"19683","Native",11,43,"spillover2","rp","spillover2 rp",5,0,1032,1032,"Ambiguous","Consistent"
"19685","Native",11,34,"spillover2","rp","spillover2 rp",8,0,264,264,"Unambiguous","Inconsistent"
"19687","Native",11,38,"spillover2","rp","spillover2 rp",8,0,1260,1260,"Unambiguous","Inconsistent"
"19689","Native",11,26,"spillover2","rp","spillover2 rp",8,0,588,588,"Unambiguous","Inconsistent"
"19691","Native",11,42,"spillover2","rp","spillover2 rp",8,0,542,542,"Unambiguous","Inconsistent"
"19693","Native",11,46,"spillover2","rp","spillover2 rp",8,0,1960,1960,"Unambiguous","Inconsistent"
"19695","Native",11,41,"spillover2","rp","spillover2 rp",7,1,0,NA,"Ambiguous","Inconsistent"
"19697","Native",11,31,"spillover2","rp","spillover2 rp",5,0,954,954,"Ambiguous","Consistent"
"19699","Native",11,45,"spillover2","rp","spillover2 rp",7,0,778,778,"Ambiguous","Inconsistent"
"19701","Native",11,35,"spillover2","rp","spillover2 rp",5,0,630,630,"Ambiguous","Consistent"
"19703","Native",11,32,"spillover2","rp","spillover2 rp",6,0,288,288,"Unambiguous","Consistent"
"19705","Native",11,47,"spillover2","rp","spillover2 rp",5,0,246,246,"Ambiguous","Consistent"
"19707","Native",11,36,"spillover2","rp","spillover2 rp",6,1,0,NA,"Unambiguous","Consistent"
"19709","Native",11,25,"spillover2","rp","spillover2 rp",7,0,378,378,"Ambiguous","Inconsistent"
"19711","Native",11,30,"spillover2","rp","spillover2 rp",8,0,360,360,"Unambiguous","Inconsistent"
"19713","Native",11,40,"spillover2","rp","spillover2 rp",6,1,0,NA,"Unambiguous","Consistent"
"19715","Native",11,48,"spillover2","rp","spillover2 rp",6,0,260,260,"Unambiguous","Consistent"
"19717","Native",11,29,"spillover2","rp","spillover2 rp",7,0,382,382,"Ambiguous","Inconsistent"
"19719","Native",11,27,"spillover2","rp","spillover2 rp",5,0,480,480,"Ambiguous","Consistent"
"19721","Native",11,33,"spillover2","rp","spillover2 rp",7,0,548,548,"Ambiguous","Inconsistent"
"19723","Native",11,39,"spillover2","rp","spillover2 rp",5,0,654,654,"Ambiguous","Consistent"
"19725","Native",11,28,"spillover2","rp","spillover2 rp",6,0,480,480,"Unambiguous","Consistent"
"19727","Native",11,44,"spillover2","rp","spillover2 rp",6,1,0,NA,"Unambiguous","Consistent"
"19729","Native",12,37,"spillover2","rp","spillover2 rp",6,0,187,187,"Unambiguous","Consistent"
"19731","Native",12,43,"spillover2","rp","spillover2 rp",8,0,330,330,"Unambiguous","Inconsistent"
"19733","Native",12,25,"spillover2","rp","spillover2 rp",6,0,217,217,"Unambiguous","Consistent"
"19735","Native",12,26,"spillover2","rp","spillover2 rp",7,0,535,535,"Ambiguous","Inconsistent"
"19737","Native",12,46,"spillover2","rp","spillover2 rp",7,0,1054,1054,"Ambiguous","Inconsistent"
"19739","Native",12,31,"spillover2","rp","spillover2 rp",8,0,309,309,"Unambiguous","Inconsistent"
"19741","Native",12,39,"spillover2","rp","spillover2 rp",8,0,170,170,"Unambiguous","Inconsistent"
"19743","Native",12,38,"spillover2","rp","spillover2 rp",7,0,253,253,"Ambiguous","Inconsistent"
"19745","Native",12,27,"spillover2","rp","spillover2 rp",8,1,0,NA,"Unambiguous","Inconsistent"
"19747","Native",12,41,"spillover2","rp","spillover2 rp",6,1,0,NA,"Unambiguous","Consistent"
"19749","Native",12,29,"spillover2","rp","spillover2 rp",6,0,153,153,"Unambiguous","Consistent"
"19751","Native",12,35,"spillover2","rp","spillover2 rp",8,0,1039,1039,"Unambiguous","Inconsistent"
"19753","Native",12,40,"spillover2","rp","spillover2 rp",5,1,0,NA,"Ambiguous","Consistent"
"19755","Native",12,33,"spillover2","rp","spillover2 rp",6,0,325,325,"Unambiguous","Consistent"
"19757","Native",12,36,"spillover2","rp","spillover2 rp",5,1,0,NA,"Ambiguous","Consistent"
"19759","Native",12,47,"spillover2","rp","spillover2 rp",8,1,0,NA,"Unambiguous","Inconsistent"
"19761","Native",12,34,"spillover2","rp","spillover2 rp",7,0,181,181,"Ambiguous","Inconsistent"
"19763","Native",12,48,"spillover2","rp","spillover2 rp",5,0,173,173,"Ambiguous","Consistent"
"19765","Native",12,32,"spillover2","rp","spillover2 rp",5,0,1901,1901,"Ambiguous","Consistent"
"19767","Native",12,42,"spillover2","rp","spillover2 rp",7,0,167,167,"Ambiguous","Inconsistent"
"19769","Native",12,30,"spillover2","rp","spillover2 rp",7,1,0,NA,"Ambiguous","Inconsistent"
"19771","Native",12,28,"spillover2","rp","spillover2 rp",5,0,199,199,"Ambiguous","Consistent"
"19773","Native",12,44,"spillover2","rp","spillover2 rp",5,1,0,NA,"Ambiguous","Consistent"
"19775","Native",12,45,"spillover2","rp","spillover2 rp",6,0,176,176,"Unambiguous","Consistent"
"19778","Native",13,34,"spillover2","rp","spillover2 rp",5,0,379,379,"Ambiguous","Consistent"
"19780","Native",13,27,"spillover2","rp","spillover2 rp",6,1,0,NA,"Unambiguous","Consistent"
"19782","Native",13,39,"spillover2","rp","spillover2 rp",6,0,2387,2387,"Unambiguous","Consistent"
"19784","Native",13,40,"spillover2","rp","spillover2 rp",7,0,205,205,"Ambiguous","Inconsistent"
"19786","Native",13,32,"spillover2","rp","spillover2 rp",7,0,390,390,"Ambiguous","Inconsistent"
"19788","Native",13,46,"spillover2","rp","spillover2 rp",5,0,1475,1475,"Ambiguous","Consistent"
"19790","Native",13,41,"spillover2","rp","spillover2 rp",8,0,209,209,"Unambiguous","Inconsistent"
"19792","Native",13,33,"spillover2","rp","spillover2 rp",8,0,1454,1454,"Unambiguous","Inconsistent"
"19794","Native",13,45,"spillover2","rp","spillover2 rp",8,0,196,196,"Unambiguous","Inconsistent"
"19796","Native",13,36,"spillover2","rp","spillover2 rp",7,0,339,339,"Ambiguous","Inconsistent"
"19798","Native",13,43,"spillover2","rp","spillover2 rp",6,0,222,222,"Unambiguous","Consistent"
"19800","Native",13,42,"spillover2","rp","spillover2 rp",5,0,179,179,"Ambiguous","Consistent"
"19802","Native",13,37,"spillover2","rp","spillover2 rp",8,1,0,NA,"Unambiguous","Inconsistent"
"19804","Native",13,29,"spillover2","rp","spillover2 rp",8,0,515,515,"Unambiguous","Inconsistent"
"19806","Native",13,48,"spillover2","rp","spillover2 rp",7,0,186,186,"Ambiguous","Inconsistent"
"19808","Native",13,44,"spillover2","rp","spillover2 rp",7,1,0,NA,"Ambiguous","Inconsistent"
"19810","Native",13,47,"spillover2","rp","spillover2 rp",6,0,1510,1510,"Unambiguous","Consistent"
"19812","Native",13,35,"spillover2","rp","spillover2 rp",6,0,508,508,"Unambiguous","Consistent"
"19814","Native",13,30,"spillover2","rp","spillover2 rp",5,1,0,NA,"Ambiguous","Consistent"
"19816","Native",13,26,"spillover2","rp","spillover2 rp",5,1,0,NA,"Ambiguous","Consistent"
"19818","Native",13,25,"spillover2","rp","spillover2 rp",8,0,1423,1423,"Unambiguous","Inconsistent"
"19820","Native",13,38,"spillover2","rp","spillover2 rp",5,0,2490,2490,"Ambiguous","Consistent"
"19822","Native",13,28,"spillover2","rp","spillover2 rp",7,0,7222,7222,"Ambiguous","Inconsistent"
"19824","Native",13,31,"spillover2","rp","spillover2 rp",6,0,737,737,"Unambiguous","Consistent"
"19826","Native",14,30,"spillover2","rp","spillover2 rp",6,0,395,395,"Unambiguous","Consistent"
"19828","Native",14,35,"spillover2","rp","spillover2 rp",7,0,1312,1312,"Ambiguous","Inconsistent"
"19830","Native",14,29,"spillover2","rp","spillover2 rp",5,0,437,437,"Ambiguous","Consistent"
"19832","Native",14,40,"spillover2","rp","spillover2 rp",8,1,0,NA,"Unambiguous","Inconsistent"
"19834","Native",14,44,"spillover2","rp","spillover2 rp",8,0,409,409,"Unambiguous","Inconsistent"
"19836","Native",14,45,"spillover2","rp","spillover2 rp",5,0,169,169,"Ambiguous","Consistent"
"19838","Native",14,25,"spillover2","rp","spillover2 rp",5,0,192,192,"Ambiguous","Consistent"
"19840","Native",14,48,"spillover2","rp","spillover2 rp",8,0,3406,3406,"Unambiguous","Inconsistent"
"19842","Native",14,46,"spillover2","rp","spillover2 rp",6,0,413,413,"Unambiguous","Consistent"
"19844","Native",14,33,"spillover2","rp","spillover2 rp",5,0,188,188,"Ambiguous","Consistent"
"19846","Native",14,26,"spillover2","rp","spillover2 rp",6,0,151,151,"Unambiguous","Consistent"
"19848","Native",14,37,"spillover2","rp","spillover2 rp",5,0,211,211,"Ambiguous","Consistent"
"19850","Native",14,38,"spillover2","rp","spillover2 rp",6,0,198,198,"Unambiguous","Consistent"
"19852","Native",14,34,"spillover2","rp","spillover2 rp",6,0,191,191,"Unambiguous","Consistent"
"19854","Native",14,43,"spillover2","rp","spillover2 rp",7,0,157,157,"Ambiguous","Inconsistent"
"19856","Native",14,32,"spillover2","rp","spillover2 rp",8,0,3666,3666,"Unambiguous","Inconsistent"
"19858","Native",14,27,"spillover2","rp","spillover2 rp",7,0,887,887,"Ambiguous","Inconsistent"
"19860","Native",14,42,"spillover2","rp","spillover2 rp",6,0,577,577,"Unambiguous","Consistent"
"19862","Native",14,47,"spillover2","rp","spillover2 rp",7,0,162,162,"Ambiguous","Inconsistent"
"19864","Native",14,41,"spillover2","rp","spillover2 rp",5,1,0,NA,"Ambiguous","Consistent"
"19866","Native",14,28,"spillover2","rp","spillover2 rp",8,0,1018,1018,"Unambiguous","Inconsistent"
"19868","Native",14,39,"spillover2","rp","spillover2 rp",7,0,1005,1005,"Ambiguous","Inconsistent"
"19870","Native",14,31,"spillover2","rp","spillover2 rp",7,0,200,200,"Ambiguous","Inconsistent"
"19872","Native",14,36,"spillover2","rp","spillover2 rp",8,0,792,792,"Unambiguous","Inconsistent"
"19873","Native",15,27,"spillover2","rp","spillover2 rp",8,0,219,219,"Unambiguous","Inconsistent"
"19875","Native",15,33,"spillover2","rp","spillover2 rp",6,0,223,223,"Unambiguous","Consistent"
"19877","Native",15,25,"spillover2","rp","spillover2 rp",6,0,439,439,"Unambiguous","Consistent"
"19879","Native",15,28,"spillover2","rp","spillover2 rp",5,0,178,178,"Ambiguous","Consistent"
"19881","Native",15,31,"spillover2","rp","spillover2 rp",8,0,158,158,"Unambiguous","Inconsistent"
"19883","Native",15,43,"spillover2","rp","spillover2 rp",8,0,940,940,"Unambiguous","Inconsistent"
"19885","Native",15,35,"spillover2","rp","spillover2 rp",8,0,359,359,"Unambiguous","Inconsistent"
"19887","Native",15,38,"spillover2","rp","spillover2 rp",7,0,566,566,"Ambiguous","Inconsistent"
"19889","Native",15,47,"spillover2","rp","spillover2 rp",8,0,230,230,"Unambiguous","Inconsistent"
"19891","Native",15,34,"spillover2","rp","spillover2 rp",7,0,264,264,"Ambiguous","Inconsistent"
"19893","Native",15,42,"spillover2","rp","spillover2 rp",7,0,373,373,"Ambiguous","Inconsistent"
"19895","Native",15,39,"spillover2","rp","spillover2 rp",8,0,1408,1408,"Unambiguous","Inconsistent"
"19897","Native",15,32,"spillover2","rp","spillover2 rp",5,0,785,785,"Ambiguous","Consistent"
"19899","Native",15,30,"spillover2","rp","spillover2 rp",7,0,222,222,"Ambiguous","Inconsistent"
"19901","Native",15,48,"spillover2","rp","spillover2 rp",5,0,387,387,"Ambiguous","Consistent"
"19903","Native",15,45,"spillover2","rp","spillover2 rp",6,0,356,356,"Unambiguous","Consistent"
"19905","Native",15,46,"spillover2","rp","spillover2 rp",7,0,612,612,"Ambiguous","Inconsistent"
"19907","Native",15,37,"spillover2","rp","spillover2 rp",6,0,183,183,"Unambiguous","Consistent"
"19909","Native",15,36,"spillover2","rp","spillover2 rp",5,0,198,198,"Ambiguous","Consistent"
"19911","Native",15,29,"spillover2","rp","spillover2 rp",6,0,185,185,"Unambiguous","Consistent"
"19913","Native",15,40,"spillover2","rp","spillover2 rp",5,0,128,128,"Ambiguous","Consistent"
"19915","Native",15,44,"spillover2","rp","spillover2 rp",5,0,145,145,"Ambiguous","Consistent"
"19917","Native",15,41,"spillover2","rp","spillover2 rp",6,0,157,157,"Unambiguous","Consistent"
"19919","Native",15,26,"spillover2","rp","spillover2 rp",7,0,495,495,"Ambiguous","Inconsistent"
"19921","Native",16,25,"spillover2","rp","spillover2 rp",7,0,732,732,"Ambiguous","Inconsistent"
"19923","Native",16,29,"spillover2","rp","spillover2 rp",7,0,515,515,"Ambiguous","Inconsistent"
"19925","Native",16,35,"spillover2","rp","spillover2 rp",5,0,1223,1223,"Ambiguous","Consistent"
"19927","Native",16,32,"spillover2","rp","spillover2 rp",6,0,487,487,"Unambiguous","Consistent"
"19929","Native",16,47,"spillover2","rp","spillover2 rp",5,0,608,608,"Ambiguous","Consistent"
"19931","Native",16,37,"spillover2","rp","spillover2 rp",7,0,379,379,"Ambiguous","Inconsistent"
"19933","Native",16,43,"spillover2","rp","spillover2 rp",5,0,504,504,"Ambiguous","Consistent"
"19935","Native",16,28,"spillover2","rp","spillover2 rp",6,0,145,145,"Unambiguous","Consistent"
"19937","Native",16,39,"spillover2","rp","spillover2 rp",5,0,346,346,"Ambiguous","Consistent"
"19939","Native",16,30,"spillover2","rp","spillover2 rp",8,0,218,218,"Unambiguous","Inconsistent"
"19941","Native",16,26,"spillover2","rp","spillover2 rp",8,0,155,155,"Unambiguous","Inconsistent"
"19943","Native",16,27,"spillover2","rp","spillover2 rp",5,0,184,184,"Ambiguous","Consistent"
"19945","Native",16,44,"spillover2","rp","spillover2 rp",6,1,0,NA,"Unambiguous","Consistent"
"19947","Native",16,42,"spillover2","rp","spillover2 rp",8,0,404,404,"Unambiguous","Inconsistent"
"19949","Native",16,33,"spillover2","rp","spillover2 rp",7,0,350,350,"Ambiguous","Inconsistent"
"19951","Native",16,45,"spillover2","rp","spillover2 rp",7,0,308,308,"Ambiguous","Inconsistent"
"19953","Native",16,48,"spillover2","rp","spillover2 rp",6,1,0,NA,"Unambiguous","Consistent"
"19955","Native",16,46,"spillover2","rp","spillover2 rp",8,0,632,632,"Unambiguous","Inconsistent"
"19957","Native",16,31,"spillover2","rp","spillover2 rp",5,0,175,175,"Ambiguous","Consistent"
"19959","Native",16,38,"spillover2","rp","spillover2 rp",8,0,398,398,"Unambiguous","Inconsistent"
"19961","Native",16,40,"spillover2","rp","spillover2 rp",6,1,0,NA,"Unambiguous","Consistent"
"19963","Native",16,34,"spillover2","rp","spillover2 rp",8,0,894,894,"Unambiguous","Inconsistent"
"19965","Native",16,41,"spillover2","rp","spillover2 rp",7,0,192,192,"Ambiguous","Inconsistent"
"19967","Native",16,36,"spillover2","rp","spillover2 rp",6,0,144,144,"Unambiguous","Consistent"
"19969","Native",17,35,"spillover2","rp","spillover2 rp",6,0,486,486,"Unambiguous","Consistent"
"19971","Native",17,44,"spillover2","rp","spillover2 rp",7,0,285,285,"Ambiguous","Inconsistent"
"19973","Native",17,45,"spillover2","rp","spillover2 rp",8,0,481,481,"Unambiguous","Inconsistent"
"19975","Native",17,27,"spillover2","rp","spillover2 rp",6,1,0,NA,"Unambiguous","Consistent"
"19977","Native",17,32,"spillover2","rp","spillover2 rp",7,0,625,625,"Ambiguous","Inconsistent"
"19979","Native",17,31,"spillover2","rp","spillover2 rp",6,0,445,445,"Unambiguous","Consistent"
"19981","Native",17,43,"spillover2","rp","spillover2 rp",6,0,228,228,"Unambiguous","Consistent"
"19983","Native",17,25,"spillover2","rp","spillover2 rp",8,0,465,465,"Unambiguous","Inconsistent"
"19985","Native",17,38,"spillover2","rp","spillover2 rp",5,0,1842,1842,"Ambiguous","Consistent"
"19987","Native",17,46,"spillover2","rp","spillover2 rp",5,0,1263,1263,"Ambiguous","Consistent"
"19989","Native",17,40,"spillover2","rp","spillover2 rp",7,0,126,126,"Ambiguous","Inconsistent"
"19991","Native",17,37,"spillover2","rp","spillover2 rp",8,0,206,206,"Unambiguous","Inconsistent"
"19993","Native",17,41,"spillover2","rp","spillover2 rp",8,0,400,400,"Unambiguous","Inconsistent"
"19995","Native",17,42,"spillover2","rp","spillover2 rp",5,0,500,500,"Ambiguous","Consistent"
"19997","Native",17,30,"spillover2","rp","spillover2 rp",5,0,179,179,"Ambiguous","Consistent"
"19999","Native",17,29,"spillover2","rp","spillover2 rp",8,0,1605,1605,"Unambiguous","Inconsistent"
"20001","Native",17,28,"spillover2","rp","spillover2 rp",7,0,569,569,"Ambiguous","Inconsistent"
"20003","Native",17,33,"spillover2","rp","spillover2 rp",8,0,685,685,"Unambiguous","Inconsistent"
"20005","Native",17,36,"spillover2","rp","spillover2 rp",7,0,390,390,"Ambiguous","Inconsistent"
"20007","Native",17,26,"spillover2","rp","spillover2 rp",5,0,702,702,"Ambiguous","Consistent"
"20009","Native",17,34,"spillover2","rp","spillover2 rp",5,0,468,468,"Ambiguous","Consistent"
"20011","Native",17,47,"spillover2","rp","spillover2 rp",6,0,711,711,"Unambiguous","Consistent"
"20013","Native",17,48,"spillover2","rp","spillover2 rp",7,0,450,450,"Ambiguous","Inconsistent"
"20015","Native",17,39,"spillover2","rp","spillover2 rp",6,0,994,994,"Unambiguous","Consistent"
"20018","Native",18,36,"spillover2","rp","spillover2 rp",8,0,137,137,"Unambiguous","Inconsistent"
"20020","Native",18,34,"spillover2","rp","spillover2 rp",6,0,283,283,"Unambiguous","Consistent"
"20022","Native",18,28,"spillover2","rp","spillover2 rp",8,0,4585,4585,"Unambiguous","Inconsistent"
"20024","Native",18,40,"spillover2","rp","spillover2 rp",8,1,0,NA,"Unambiguous","Inconsistent"
"20026","Native",18,33,"spillover2","rp","spillover2 rp",5,0,355,355,"Ambiguous","Consistent"
"20028","Native",18,42,"spillover2","rp","spillover2 rp",6,0,297,297,"Unambiguous","Consistent"
"20030","Native",18,46,"spillover2","rp","spillover2 rp",6,0,1183,1183,"Unambiguous","Consistent"
"20032","Native",18,30,"spillover2","rp","spillover2 rp",6,0,280,280,"Unambiguous","Consistent"
"20034","Native",18,27,"spillover2","rp","spillover2 rp",7,1,0,NA,"Ambiguous","Inconsistent"
"20036","Native",18,47,"spillover2","rp","spillover2 rp",7,1,0,NA,"Ambiguous","Inconsistent"
"20038","Native",18,35,"spillover2","rp","spillover2 rp",7,0,302,302,"Ambiguous","Inconsistent"
"20040","Native",18,37,"spillover2","rp","spillover2 rp",5,0,310,310,"Ambiguous","Consistent"
"20042","Native",18,25,"spillover2","rp","spillover2 rp",5,0,143,143,"Ambiguous","Consistent"
"20044","Native",18,44,"spillover2","rp","spillover2 rp",8,0,173,173,"Unambiguous","Inconsistent"
"20046","Native",18,39,"spillover2","rp","spillover2 rp",7,0,312,312,"Ambiguous","Inconsistent"
"20048","Native",18,41,"spillover2","rp","spillover2 rp",5,1,0,NA,"Ambiguous","Consistent"
"20050","Native",18,29,"spillover2","rp","spillover2 rp",5,0,127,127,"Ambiguous","Consistent"
"20052","Native",18,32,"spillover2","rp","spillover2 rp",8,0,328,328,"Unambiguous","Inconsistent"
"20054","Native",18,26,"spillover2","rp","spillover2 rp",6,1,0,NA,"Unambiguous","Consistent"
"20056","Native",18,31,"spillover2","rp","spillover2 rp",7,0,172,172,"Ambiguous","Inconsistent"
"20058","Native",18,43,"spillover2","rp","spillover2 rp",7,0,481,481,"Ambiguous","Inconsistent"
"20060","Native",18,45,"spillover2","rp","spillover2 rp",5,0,356,356,"Ambiguous","Consistent"
"20062","Native",18,38,"spillover2","rp","spillover2 rp",6,0,164,164,"Unambiguous","Consistent"
"20064","Native",18,48,"spillover2","rp","spillover2 rp",8,1,0,NA,"Unambiguous","Inconsistent"
"20066","Native",19,26,"spillover2","rp","spillover2 rp",7,1,0,NA,"Ambiguous","Inconsistent"
"20068","Native",19,27,"spillover2","rp","spillover2 rp",8,1,0,NA,"Unambiguous","Inconsistent"
"20070","Native",19,43,"spillover2","rp","spillover2 rp",8,0,237,237,"Unambiguous","Inconsistent"
"20072","Native",19,40,"spillover2","rp","spillover2 rp",5,0,502,502,"Ambiguous","Consistent"
"20074","Native",19,48,"spillover2","rp","spillover2 rp",5,0,395,395,"Ambiguous","Consistent"
"20076","Native",19,38,"spillover2","rp","spillover2 rp",7,0,986,986,"Ambiguous","Inconsistent"
"20078","Native",19,28,"spillover2","rp","spillover2 rp",5,0,6044,6044,"Ambiguous","Consistent"
"20080","Native",19,31,"spillover2","rp","spillover2 rp",8,0,8711,8711,"Unambiguous","Inconsistent"
"20082","Native",19,37,"spillover2","rp","spillover2 rp",6,0,187,187,"Unambiguous","Consistent"
"20084","Native",19,30,"spillover2","rp","spillover2 rp",7,0,485,485,"Ambiguous","Inconsistent"
"20086","Native",19,44,"spillover2","rp","spillover2 rp",5,1,0,NA,"Ambiguous","Consistent"
"20088","Native",19,32,"spillover2","rp","spillover2 rp",5,0,5942,5942,"Ambiguous","Consistent"
"20090","Native",19,42,"spillover2","rp","spillover2 rp",7,0,428,428,"Ambiguous","Inconsistent"
"20092","Native",19,46,"spillover2","rp","spillover2 rp",7,0,2958,2958,"Ambiguous","Inconsistent"
"20094","Native",19,34,"spillover2","rp","spillover2 rp",7,0,868,868,"Ambiguous","Inconsistent"
"20096","Native",19,39,"spillover2","rp","spillover2 rp",8,0,199,199,"Unambiguous","Inconsistent"
"20098","Native",19,36,"spillover2","rp","spillover2 rp",5,0,265,265,"Ambiguous","Consistent"
"20100","Native",19,35,"spillover2","rp","spillover2 rp",8,0,7766,7766,"Unambiguous","Inconsistent"
"20102","Native",19,25,"spillover2","rp","spillover2 rp",6,0,154,154,"Unambiguous","Consistent"
"20104","Native",19,45,"spillover2","rp","spillover2 rp",6,0,580,580,"Unambiguous","Consistent"
"20106","Native",19,29,"spillover2","rp","spillover2 rp",6,0,464,464,"Unambiguous","Consistent"
"20108","Native",19,41,"spillover2","rp","spillover2 rp",6,0,318,318,"Unambiguous","Consistent"
"20110","Native",19,33,"spillover2","rp","spillover2 rp",6,0,173,173,"Unambiguous","Consistent"
"20112","Native",19,47,"spillover2","rp","spillover2 rp",8,0,3316,3316,"Unambiguous","Inconsistent"
"20113","Native",20,44,"spillover2","rp","spillover2 rp",6,1,0,NA,"Unambiguous","Consistent"
"20115","Native",20,42,"spillover2","rp","spillover2 rp",8,0,241,241,"Unambiguous","Inconsistent"
"20117","Native",20,34,"spillover2","rp","spillover2 rp",8,0,168,168,"Unambiguous","Inconsistent"
"20119","Native",20,27,"spillover2","rp","spillover2 rp",5,1,0,NA,"Ambiguous","Consistent"
"20121","Native",20,32,"spillover2","rp","spillover2 rp",6,0,277,277,"Unambiguous","Consistent"
"20123","Native",20,37,"spillover2","rp","spillover2 rp",7,0,166,166,"Ambiguous","Inconsistent"
"20125","Native",20,36,"spillover2","rp","spillover2 rp",6,0,154,154,"Unambiguous","Consistent"
"20127","Native",20,40,"spillover2","rp","spillover2 rp",6,0,206,206,"Unambiguous","Consistent"
"20129","Native",20,30,"spillover2","rp","spillover2 rp",8,0,413,413,"Unambiguous","Inconsistent"
"20131","Native",20,48,"spillover2","rp","spillover2 rp",6,0,619,619,"Unambiguous","Consistent"
"20133","Native",20,45,"spillover2","rp","spillover2 rp",7,0,203,203,"Ambiguous","Inconsistent"
"20135","Native",20,28,"spillover2","rp","spillover2 rp",6,0,888,888,"Unambiguous","Consistent"
"20137","Native",20,47,"spillover2","rp","spillover2 rp",5,0,226,226,"Ambiguous","Consistent"
"20139","Native",20,43,"spillover2","rp","spillover2 rp",5,0,233,233,"Ambiguous","Consistent"
"20141","Native",20,33,"spillover2","rp","spillover2 rp",7,0,501,501,"Ambiguous","Inconsistent"
"20143","Native",20,41,"spillover2","rp","spillover2 rp",7,0,215,215,"Ambiguous","Inconsistent"
"20145","Native",20,46,"spillover2","rp","spillover2 rp",8,0,457,457,"Unambiguous","Inconsistent"
"20147","Native",20,39,"spillover2","rp","spillover2 rp",5,0,253,253,"Ambiguous","Consistent"
"20149","Native",20,35,"spillover2","rp","spillover2 rp",5,0,4823,4823,"Ambiguous","Consistent"
"20151","Native",20,31,"spillover2","rp","spillover2 rp",5,0,200,200,"Ambiguous","Consistent"
"20153","Native",20,29,"spillover2","rp","spillover2 rp",7,0,194,194,"Ambiguous","Inconsistent"
"20155","Native",20,38,"spillover2","rp","spillover2 rp",8,0,379,379,"Unambiguous","Inconsistent"
"20157","Native",20,26,"spillover2","rp","spillover2 rp",8,0,144,144,"Unambiguous","Inconsistent"
"20159","Native",20,25,"spillover2","rp","spillover2 rp",7,0,124,124,"Ambiguous","Inconsistent"
"20162","Native",21,47,"spillover2","rp","spillover2 rp",6,0,810,810,"Unambiguous","Consistent"
"20164","Native",21,33,"spillover2","rp","spillover2 rp",8,0,428,428,"Unambiguous","Inconsistent"
"20166","Native",21,31,"spillover2","rp","spillover2 rp",6,0,296,296,"Unambiguous","Consistent"
"20168","Native",21,28,"spillover2","rp","spillover2 rp",7,1,0,NA,"Ambiguous","Inconsistent"
"20170","Native",21,29,"spillover2","rp","spillover2 rp",8,1,0,NA,"Unambiguous","Inconsistent"
"20172","Native",21,26,"spillover2","rp","spillover2 rp",5,1,0,NA,"Ambiguous","Consistent"
"20174","Native",21,40,"spillover2","rp","spillover2 rp",7,0,540,540,"Ambiguous","Inconsistent"
"20176","Native",21,48,"spillover2","rp","spillover2 rp",7,1,0,NA,"Ambiguous","Inconsistent"
"20178","Native",21,32,"spillover2","rp","spillover2 rp",7,0,344,344,"Ambiguous","Inconsistent"
"20180","Native",21,44,"spillover2","rp","spillover2 rp",7,1,0,NA,"Ambiguous","Inconsistent"
"20182","Native",21,36,"spillover2","rp","spillover2 rp",7,1,0,NA,"Ambiguous","Inconsistent"
"20184","Native",21,41,"spillover2","rp","spillover2 rp",8,0,134,134,"Unambiguous","Inconsistent"
"20186","Native",21,34,"spillover2","rp","spillover2 rp",5,0,168,168,"Ambiguous","Consistent"
"20188","Native",21,38,"spillover2","rp","spillover2 rp",5,0,170,170,"Ambiguous","Consistent"
"20190","Native",21,43,"spillover2","rp","spillover2 rp",6,0,184,184,"Unambiguous","Consistent"
"20192","Native",21,25,"spillover2","rp","spillover2 rp",8,0,492,492,"Unambiguous","Inconsistent"
"20194","Native",21,37,"spillover2","rp","spillover2 rp",8,0,414,414,"Unambiguous","Inconsistent"
"20196","Native",21,27,"spillover2","rp","spillover2 rp",6,0,198,198,"Unambiguous","Consistent"
"20198","Native",21,46,"spillover2","rp","spillover2 rp",5,0,124,124,"Ambiguous","Consistent"
"20200","Native",21,42,"spillover2","rp","spillover2 rp",5,0,170,170,"Ambiguous","Consistent"
"20202","Native",21,45,"spillover2","rp","spillover2 rp",8,0,200,200,"Unambiguous","Inconsistent"
"20204","Native",21,35,"spillover2","rp","spillover2 rp",6,0,418,418,"Unambiguous","Consistent"
"20206","Native",21,39,"spillover2","rp","spillover2 rp",6,0,232,232,"Unambiguous","Consistent"
"20208","Native",21,30,"spillover2","rp","spillover2 rp",5,1,0,NA,"Ambiguous","Consistent"
"20210","Native",22,43,"spillover2","rp","spillover2 rp",7,0,203,203,"Ambiguous","Inconsistent"
"20212","Native",22,39,"spillover2","rp","spillover2 rp",7,0,515,515,"Ambiguous","Inconsistent"
"20214","Native",22,46,"spillover2","rp","spillover2 rp",6,0,993,993,"Unambiguous","Consistent"
"20216","Native",22,48,"spillover2","rp","spillover2 rp",8,0,574,574,"Unambiguous","Inconsistent"
"20218","Native",22,40,"spillover2","rp","spillover2 rp",8,0,171,171,"Unambiguous","Inconsistent"
"20220","Native",22,42,"spillover2","rp","spillover2 rp",6,0,440,440,"Unambiguous","Consistent"
"20222","Native",22,25,"spillover2","rp","spillover2 rp",5,0,239,239,"Ambiguous","Consistent"
"20224","Native",22,35,"spillover2","rp","spillover2 rp",7,0,1145,1145,"Ambiguous","Inconsistent"
"20226","Native",22,29,"spillover2","rp","spillover2 rp",5,0,221,221,"Ambiguous","Consistent"
"20228","Native",22,37,"spillover2","rp","spillover2 rp",5,0,179,179,"Ambiguous","Consistent"
"20230","Native",22,45,"spillover2","rp","spillover2 rp",5,0,212,212,"Ambiguous","Consistent"
"20232","Native",22,41,"spillover2","rp","spillover2 rp",5,1,0,NA,"Ambiguous","Consistent"
"20234","Native",22,26,"spillover2","rp","spillover2 rp",6,0,163,163,"Unambiguous","Consistent"
"20236","Native",22,32,"spillover2","rp","spillover2 rp",8,0,157,157,"Unambiguous","Inconsistent"
"20238","Native",22,47,"spillover2","rp","spillover2 rp",7,0,3937,3937,"Ambiguous","Inconsistent"
"20240","Native",22,27,"spillover2","rp","spillover2 rp",7,0,114,114,"Ambiguous","Inconsistent"
"20242","Native",22,44,"spillover2","rp","spillover2 rp",8,1,0,NA,"Unambiguous","Inconsistent"
"20244","Native",22,28,"spillover2","rp","spillover2 rp",8,1,0,NA,"Unambiguous","Inconsistent"
"20246","Native",22,30,"spillover2","rp","spillover2 rp",6,0,191,191,"Unambiguous","Consistent"
"20248","Native",22,34,"spillover2","rp","spillover2 rp",6,0,223,223,"Unambiguous","Consistent"
"20250","Native",22,36,"spillover2","rp","spillover2 rp",8,0,291,291,"Unambiguous","Inconsistent"
"20252","Native",22,31,"spillover2","rp","spillover2 rp",7,1,0,NA,"Ambiguous","Inconsistent"
"20254","Native",22,33,"spillover2","rp","spillover2 rp",5,0,169,169,"Ambiguous","Consistent"
"20256","Native",22,38,"spillover2","rp","spillover2 rp",6,0,88,88,"Unambiguous","Consistent"
"20258","Native",23,35,"spillover2","rp","spillover2 rp",5,0,204,204,"Ambiguous","Consistent"
"20260","Native",23,42,"spillover2","rp","spillover2 rp",8,0,137,137,"Unambiguous","Inconsistent"
"20262","Native",23,33,"spillover2","rp","spillover2 rp",7,0,182,182,"Ambiguous","Inconsistent"
"20264","Native",23,32,"spillover2","rp","spillover2 rp",6,0,145,145,"Unambiguous","Consistent"
"20266","Native",23,29,"spillover2","rp","spillover2 rp",7,0,126,126,"Ambiguous","Inconsistent"
"20268","Native",23,30,"spillover2","rp","spillover2 rp",8,0,128,128,"Unambiguous","Inconsistent"
"20270","Native",23,26,"spillover2","rp","spillover2 rp",8,0,841,841,"Unambiguous","Inconsistent"
"20272","Native",23,38,"spillover2","rp","spillover2 rp",8,0,190,190,"Unambiguous","Inconsistent"
"20274","Native",23,34,"spillover2","rp","spillover2 rp",8,0,354,354,"Unambiguous","Inconsistent"
"20276","Native",23,31,"spillover2","rp","spillover2 rp",5,0,146,146,"Ambiguous","Consistent"
"20278","Native",23,41,"spillover2","rp","spillover2 rp",7,0,146,146,"Ambiguous","Inconsistent"
"20280","Native",23,47,"spillover2","rp","spillover2 rp",5,0,420,420,"Ambiguous","Consistent"
"20282","Native",23,28,"spillover2","rp","spillover2 rp",6,0,164,164,"Unambiguous","Consistent"
"20284","Native",23,25,"spillover2","rp","spillover2 rp",7,0,286,286,"Ambiguous","Inconsistent"
"20286","Native",23,46,"spillover2","rp","spillover2 rp",8,0,726,726,"Unambiguous","Inconsistent"
"20288","Native",23,43,"spillover2","rp","spillover2 rp",5,0,160,160,"Ambiguous","Consistent"
"20290","Native",23,39,"spillover2","rp","spillover2 rp",5,0,142,142,"Ambiguous","Consistent"
"20292","Native",23,27,"spillover2","rp","spillover2 rp",5,0,166,166,"Ambiguous","Consistent"
"20294","Native",23,44,"spillover2","rp","spillover2 rp",6,0,162,162,"Unambiguous","Consistent"
"20296","Native",23,40,"spillover2","rp","spillover2 rp",6,1,0,NA,"Unambiguous","Consistent"
"20298","Native",23,48,"spillover2","rp","spillover2 rp",6,0,147,147,"Unambiguous","Consistent"
"20300","Native",23,36,"spillover2","rp","spillover2 rp",6,0,178,178,"Unambiguous","Consistent"
"20302","Native",23,45,"spillover2","rp","spillover2 rp",7,0,267,267,"Ambiguous","Inconsistent"
"20304","Native",23,37,"spillover2","rp","spillover2 rp",7,0,154,154,"Ambiguous","Inconsistent"
"20306","Native",24,42,"spillover2","rp","spillover2 rp",7,0,420,420,"Ambiguous","Inconsistent"
"20308","Native",24,43,"spillover2","rp","spillover2 rp",8,0,864,864,"Unambiguous","Inconsistent"
"20310","Native",24,33,"spillover2","rp","spillover2 rp",6,0,395,395,"Unambiguous","Consistent"
"20312","Native",24,41,"spillover2","rp","spillover2 rp",6,0,2001,2001,"Unambiguous","Consistent"
"20314","Native",24,45,"spillover2","rp","spillover2 rp",6,0,404,404,"Unambiguous","Consistent"
"20316","Native",24,44,"spillover2","rp","spillover2 rp",5,1,0,NA,"Ambiguous","Consistent"
"20318","Native",24,47,"spillover2","rp","spillover2 rp",8,0,396,396,"Unambiguous","Inconsistent"
"20320","Native",24,38,"spillover2","rp","spillover2 rp",7,0,3359,3359,"Ambiguous","Inconsistent"
"20322","Native",24,28,"spillover2","rp","spillover2 rp",5,0,2764,2764,"Ambiguous","Consistent"
"20324","Native",24,27,"spillover2","rp","spillover2 rp",8,0,412,412,"Unambiguous","Inconsistent"
"20326","Native",24,31,"spillover2","rp","spillover2 rp",8,0,215,215,"Unambiguous","Inconsistent"
"20328","Native",24,32,"spillover2","rp","spillover2 rp",5,0,426,426,"Ambiguous","Consistent"
"20330","Native",24,30,"spillover2","rp","spillover2 rp",7,0,213,213,"Ambiguous","Inconsistent"
"20332","Native",24,46,"spillover2","rp","spillover2 rp",7,0,1455,1455,"Ambiguous","Inconsistent"
"20334","Native",24,35,"spillover2","rp","spillover2 rp",8,0,398,398,"Unambiguous","Inconsistent"
"20336","Native",24,37,"spillover2","rp","spillover2 rp",6,0,257,257,"Unambiguous","Consistent"
"20338","Native",24,25,"spillover2","rp","spillover2 rp",6,0,824,824,"Unambiguous","Consistent"
"20340","Native",24,29,"spillover2","rp","spillover2 rp",6,0,237,237,"Unambiguous","Consistent"
"20342","Native",24,34,"spillover2","rp","spillover2 rp",7,0,292,292,"Ambiguous","Inconsistent"
"20344","Native",24,40,"spillover2","rp","spillover2 rp",5,1,0,NA,"Ambiguous","Consistent"
"20346","Native",24,39,"spillover2","rp","spillover2 rp",8,0,650,650,"Unambiguous","Inconsistent"
"20348","Native",24,36,"spillover2","rp","spillover2 rp",5,0,463,463,"Ambiguous","Consistent"
"20350","Native",24,48,"spillover2","rp","spillover2 rp",5,0,259,259,"Ambiguous","Consistent"
"20352","Native",24,26,"spillover2","rp","spillover2 rp",7,0,547,547,"Ambiguous","Inconsistent"
"20354","Native",25,48,"spillover2","rp","spillover2 rp",6,0,272,272,"Unambiguous","Consistent"
"20356","Native",25,28,"spillover2","rp","spillover2 rp",6,0,262,262,"Unambiguous","Consistent"
"20358","Native",25,46,"spillover2","rp","spillover2 rp",8,0,622,622,"Unambiguous","Inconsistent"
"20360","Native",25,27,"spillover2","rp","spillover2 rp",5,0,621,621,"Ambiguous","Consistent"
"20362","Native",25,25,"spillover2","rp","spillover2 rp",7,0,562,562,"Ambiguous","Inconsistent"
"20364","Native",25,43,"spillover2","rp","spillover2 rp",5,0,475,475,"Ambiguous","Consistent"
"20366","Native",25,34,"spillover2","rp","spillover2 rp",8,0,238,238,"Unambiguous","Inconsistent"
"20368","Native",25,36,"spillover2","rp","spillover2 rp",6,1,0,NA,"Unambiguous","Consistent"
"20370","Native",25,31,"spillover2","rp","spillover2 rp",5,0,951,951,"Ambiguous","Consistent"
"20372","Native",25,37,"spillover2","rp","spillover2 rp",7,0,168,168,"Ambiguous","Inconsistent"
"20374","Native",25,30,"spillover2","rp","spillover2 rp",8,0,171,171,"Unambiguous","Inconsistent"
"20376","Native",25,45,"spillover2","rp","spillover2 rp",7,0,357,357,"Ambiguous","Inconsistent"
"20378","Native",25,38,"spillover2","rp","spillover2 rp",8,0,558,558,"Unambiguous","Inconsistent"
"20380","Native",25,40,"spillover2","rp","spillover2 rp",6,1,0,NA,"Unambiguous","Consistent"
"20382","Native",25,32,"spillover2","rp","spillover2 rp",6,0,152,152,"Unambiguous","Consistent"
"20384","Native",25,47,"spillover2","rp","spillover2 rp",5,0,337,337,"Ambiguous","Consistent"
"20386","Native",25,41,"spillover2","rp","spillover2 rp",7,0,690,690,"Ambiguous","Inconsistent"
"20388","Native",25,33,"spillover2","rp","spillover2 rp",7,0,231,231,"Ambiguous","Inconsistent"
"20390","Native",25,26,"spillover2","rp","spillover2 rp",8,1,0,NA,"Unambiguous","Inconsistent"
"20392","Native",25,35,"spillover2","rp","spillover2 rp",5,0,3425,3425,"Ambiguous","Consistent"
"20394","Native",25,42,"spillover2","rp","spillover2 rp",8,0,601,601,"Unambiguous","Inconsistent"
"20396","Native",25,44,"spillover2","rp","spillover2 rp",6,1,0,NA,"Unambiguous","Consistent"
"20398","Native",25,29,"spillover2","rp","spillover2 rp",7,0,532,532,"Ambiguous","Inconsistent"
"20400","Native",25,39,"spillover2","rp","spillover2 rp",5,0,381,381,"Ambiguous","Consistent"
"20401","Native",26,27,"spillover2","rp","spillover2 rp",6,0,205,205,"Unambiguous","Consistent"
"20403","Native",26,33,"spillover2","rp","spillover2 rp",8,0,285,285,"Unambiguous","Inconsistent"
"20405","Native",26,30,"spillover2","rp","spillover2 rp",5,0,278,278,"Ambiguous","Consistent"
"20407","Native",26,42,"spillover2","rp","spillover2 rp",5,0,208,208,"Ambiguous","Consistent"
"20409","Native",26,46,"spillover2","rp","spillover2 rp",5,0,964,964,"Ambiguous","Consistent"
"20411","Native",26,29,"spillover2","rp","spillover2 rp",8,0,238,238,"Unambiguous","Inconsistent"
"20413","Native",26,28,"spillover2","rp","spillover2 rp",7,0,175,175,"Ambiguous","Inconsistent"
"20415","Native",26,31,"spillover2","rp","spillover2 rp",6,0,549,549,"Unambiguous","Consistent"
"20417","Native",26,34,"spillover2","rp","spillover2 rp",5,0,196,196,"Ambiguous","Consistent"
"20419","Native",26,43,"spillover2","rp","spillover2 rp",6,0,486,486,"Unambiguous","Consistent"
"20421","Native",26,26,"spillover2","rp","spillover2 rp",5,0,167,167,"Ambiguous","Consistent"
"20423","Native",26,40,"spillover2","rp","spillover2 rp",7,0,366,366,"Ambiguous","Inconsistent"
"20425","Native",26,32,"spillover2","rp","spillover2 rp",7,0,563,563,"Ambiguous","Inconsistent"
"20427","Native",26,35,"spillover2","rp","spillover2 rp",6,0,4344,4344,"Unambiguous","Consistent"
"20429","Native",26,39,"spillover2","rp","spillover2 rp",6,0,185,185,"Unambiguous","Consistent"
"20431","Native",26,45,"spillover2","rp","spillover2 rp",8,0,110,110,"Unambiguous","Inconsistent"
"20433","Native",26,37,"spillover2","rp","spillover2 rp",8,0,206,206,"Unambiguous","Inconsistent"
"20435","Native",26,36,"spillover2","rp","spillover2 rp",7,0,167,167,"Ambiguous","Inconsistent"
"20437","Native",26,47,"spillover2","rp","spillover2 rp",6,0,204,204,"Unambiguous","Consistent"
"20439","Native",26,25,"spillover2","rp","spillover2 rp",8,0,861,861,"Unambiguous","Inconsistent"
"20441","Native",26,38,"spillover2","rp","spillover2 rp",5,0,640,640,"Ambiguous","Consistent"
"20443","Native",26,44,"spillover2","rp","spillover2 rp",7,1,0,NA,"Ambiguous","Inconsistent"
"20445","Native",26,41,"spillover2","rp","spillover2 rp",8,1,0,NA,"Unambiguous","Inconsistent"
"20447","Native",26,48,"spillover2","rp","spillover2 rp",7,0,139,139,"Ambiguous","Inconsistent"
"20449","Native",27,34,"spillover2","rp","spillover2 rp",6,0,268,268,"Unambiguous","Consistent"
"20451","Native",27,28,"spillover2","rp","spillover2 rp",8,0,266,266,"Unambiguous","Inconsistent"
"20453","Native",27,36,"spillover2","rp","spillover2 rp",8,0,497,497,"Unambiguous","Inconsistent"
"20455","Native",27,25,"spillover2","rp","spillover2 rp",5,0,912,912,"Ambiguous","Consistent"
"20457","Native",27,40,"spillover2","rp","spillover2 rp",8,0,256,256,"Unambiguous","Inconsistent"
"20459","Native",27,33,"spillover2","rp","spillover2 rp",5,0,316,316,"Ambiguous","Consistent"
"20461","Native",27,37,"spillover2","rp","spillover2 rp",5,0,377,377,"Ambiguous","Consistent"
"20463","Native",27,48,"spillover2","rp","spillover2 rp",8,0,166,166,"Unambiguous","Inconsistent"
"20465","Native",27,31,"spillover2","rp","spillover2 rp",7,0,617,617,"Ambiguous","Inconsistent"
"20467","Native",27,35,"spillover2","rp","spillover2 rp",7,0,300,300,"Ambiguous","Inconsistent"
"20469","Native",27,32,"spillover2","rp","spillover2 rp",8,0,355,355,"Unambiguous","Inconsistent"
"20471","Native",27,47,"spillover2","rp","spillover2 rp",7,0,244,244,"Ambiguous","Inconsistent"
"20473","Native",27,27,"spillover2","rp","spillover2 rp",7,0,198,198,"Ambiguous","Inconsistent"
"20475","Native",27,30,"spillover2","rp","spillover2 rp",6,0,99,99,"Unambiguous","Consistent"
"20477","Native",27,45,"spillover2","rp","spillover2 rp",5,0,393,393,"Ambiguous","Consistent"
"20479","Native",27,43,"spillover2","rp","spillover2 rp",7,0,201,201,"Ambiguous","Inconsistent"
"20481","Native",27,46,"spillover2","rp","spillover2 rp",6,0,592,592,"Unambiguous","Consistent"
"20483","Native",27,42,"spillover2","rp","spillover2 rp",6,0,324,324,"Unambiguous","Consistent"
"20485","Native",27,39,"spillover2","rp","spillover2 rp",7,0,1512,1512,"Ambiguous","Inconsistent"
"20487","Native",27,29,"spillover2","rp","spillover2 rp",5,0,550,550,"Ambiguous","Consistent"
"20489","Native",27,38,"spillover2","rp","spillover2 rp",6,0,434,434,"Unambiguous","Consistent"
"20491","Native",27,44,"spillover2","rp","spillover2 rp",8,0,201,201,"Unambiguous","Inconsistent"
"20493","Native",27,41,"spillover2","rp","spillover2 rp",5,0,580,580,"Ambiguous","Consistent"
"20495","Native",27,26,"spillover2","rp","spillover2 rp",6,0,219,219,"Unambiguous","Consistent"
"20497","Native",28,39,"spillover2","rp","spillover2 rp",8,0,202,202,"Unambiguous","Inconsistent"
"20499","Native",28,37,"spillover2","rp","spillover2 rp",6,0,150,150,"Unambiguous","Consistent"
"20501","Native",28,25,"spillover2","rp","spillover2 rp",6,0,236,236,"Unambiguous","Consistent"
"20503","Native",28,28,"spillover2","rp","spillover2 rp",5,0,208,208,"Ambiguous","Consistent"
"20505","Native",28,36,"spillover2","rp","spillover2 rp",5,0,194,194,"Ambiguous","Consistent"
"20507","Native",28,42,"spillover2","rp","spillover2 rp",7,0,136,136,"Ambiguous","Inconsistent"
"20509","Native",28,30,"spillover2","rp","spillover2 rp",7,0,632,632,"Ambiguous","Inconsistent"
"20511","Native",28,41,"spillover2","rp","spillover2 rp",6,1,0,NA,"Unambiguous","Consistent"
"20513","Native",28,32,"spillover2","rp","spillover2 rp",5,0,1498,1498,"Ambiguous","Consistent"
"20515","Native",28,35,"spillover2","rp","spillover2 rp",8,0,552,552,"Unambiguous","Inconsistent"
"20517","Native",28,46,"spillover2","rp","spillover2 rp",7,0,720,720,"Ambiguous","Inconsistent"
"20519","Native",28,40,"spillover2","rp","spillover2 rp",5,1,0,NA,"Ambiguous","Consistent"
"20521","Native",28,31,"spillover2","rp","spillover2 rp",8,0,766,766,"Unambiguous","Inconsistent"
"20523","Native",28,48,"spillover2","rp","spillover2 rp",5,0,144,144,"Ambiguous","Consistent"
"20525","Native",28,34,"spillover2","rp","spillover2 rp",7,0,170,170,"Ambiguous","Inconsistent"
"20527","Native",28,44,"spillover2","rp","spillover2 rp",5,0,154,154,"Ambiguous","Consistent"
"20529","Native",28,38,"spillover2","rp","spillover2 rp",7,0,730,730,"Ambiguous","Inconsistent"
"20531","Native",28,45,"spillover2","rp","spillover2 rp",6,0,174,174,"Unambiguous","Consistent"
"20533","Native",28,43,"spillover2","rp","spillover2 rp",8,0,206,206,"Unambiguous","Inconsistent"
"20535","Native",28,29,"spillover2","rp","spillover2 rp",6,0,222,222,"Unambiguous","Consistent"
"20537","Native",28,27,"spillover2","rp","spillover2 rp",8,1,0,NA,"Unambiguous","Inconsistent"
"20539","Native",28,26,"spillover2","rp","spillover2 rp",7,0,304,304,"Ambiguous","Inconsistent"
"20541","Native",28,47,"spillover2","rp","spillover2 rp",8,0,190,190,"Unambiguous","Inconsistent"
"20543","Native",28,33,"spillover2","rp","spillover2 rp",6,0,368,368,"Unambiguous","Consistent"
"20546","Native",29,40,"spillover2","rp","spillover2 rp",6,0,300,300,"Unambiguous","Consistent"
"20548","Native",29,34,"spillover2","rp","spillover2 rp",8,0,372,372,"Unambiguous","Inconsistent"
"20550","Native",29,28,"spillover2","rp","spillover2 rp",6,0,268,268,"Unambiguous","Consistent"
"20552","Native",29,32,"spillover2","rp","spillover2 rp",6,0,560,560,"Unambiguous","Consistent"
"20554","Native",29,26,"spillover2","rp","spillover2 rp",8,0,280,280,"Unambiguous","Inconsistent"
"20556","Native",29,33,"spillover2","rp","spillover2 rp",7,0,202,202,"Ambiguous","Inconsistent"
"20558","Native",29,30,"spillover2","rp","spillover2 rp",8,0,158,158,"Unambiguous","Inconsistent"
"20560","Native",29,44,"spillover2","rp","spillover2 rp",6,0,258,258,"Unambiguous","Consistent"
"20562","Native",29,43,"spillover2","rp","spillover2 rp",5,0,170,170,"Ambiguous","Consistent"
"20564","Native",29,37,"spillover2","rp","spillover2 rp",7,0,174,174,"Ambiguous","Inconsistent"
"20566","Native",29,25,"spillover2","rp","spillover2 rp",7,0,266,266,"Ambiguous","Inconsistent"
"20568","Native",29,45,"spillover2","rp","spillover2 rp",7,0,258,258,"Ambiguous","Inconsistent"
"20570","Native",29,29,"spillover2","rp","spillover2 rp",7,0,178,178,"Ambiguous","Inconsistent"
"20572","Native",29,31,"spillover2","rp","spillover2 rp",5,0,214,214,"Ambiguous","Consistent"
"20574","Native",29,36,"spillover2","rp","spillover2 rp",6,0,286,286,"Unambiguous","Consistent"
"20576","Native",29,38,"spillover2","rp","spillover2 rp",8,0,270,270,"Unambiguous","Inconsistent"
"20578","Native",29,46,"spillover2","rp","spillover2 rp",8,0,1128,1128,"Unambiguous","Inconsistent"
"20580","Native",29,39,"spillover2","rp","spillover2 rp",5,0,224,224,"Ambiguous","Consistent"
"20582","Native",29,35,"spillover2","rp","spillover2 rp",5,0,174,174,"Ambiguous","Consistent"
"20584","Native",29,41,"spillover2","rp","spillover2 rp",7,0,244,244,"Ambiguous","Inconsistent"
"20586","Native",29,48,"spillover2","rp","spillover2 rp",6,0,150,150,"Unambiguous","Consistent"
"20588","Native",29,27,"spillover2","rp","spillover2 rp",5,0,254,254,"Ambiguous","Consistent"
"20590","Native",29,42,"spillover2","rp","spillover2 rp",8,0,170,170,"Unambiguous","Inconsistent"
"20592","Native",29,47,"spillover2","rp","spillover2 rp",5,0,282,282,"Ambiguous","Consistent"
"20594","Native",30,25,"spillover2","rp","spillover2 rp",8,0,428,428,"Unambiguous","Inconsistent"
"20596","Native",30,40,"spillover2","rp","spillover2 rp",7,0,1004,1004,"Ambiguous","Inconsistent"
"20598","Native",30,48,"spillover2","rp","spillover2 rp",7,0,218,218,"Ambiguous","Inconsistent"
"20600","Native",30,28,"spillover2","rp","spillover2 rp",7,0,936,936,"Ambiguous","Inconsistent"
"20602","Native",30,30,"spillover2","rp","spillover2 rp",5,0,478,478,"Ambiguous","Consistent"
"20604","Native",30,41,"spillover2","rp","spillover2 rp",8,0,1812,1812,"Unambiguous","Inconsistent"
"20606","Native",30,31,"spillover2","rp","spillover2 rp",6,0,426,426,"Unambiguous","Consistent"
"20608","Native",30,46,"spillover2","rp","spillover2 rp",5,0,430,430,"Ambiguous","Consistent"
"20610","Native",30,27,"spillover2","rp","spillover2 rp",6,1,0,NA,"Unambiguous","Consistent"
"20612","Native",30,43,"spillover2","rp","spillover2 rp",6,0,286,286,"Unambiguous","Consistent"
"20614","Native",30,37,"spillover2","rp","spillover2 rp",8,0,358,358,"Unambiguous","Inconsistent"
"20616","Native",30,36,"spillover2","rp","spillover2 rp",7,0,810,810,"Ambiguous","Inconsistent"
"20618","Native",30,42,"spillover2","rp","spillover2 rp",5,0,334,334,"Ambiguous","Consistent"
"20620","Native",30,47,"spillover2","rp","spillover2 rp",6,0,560,560,"Unambiguous","Consistent"
"20622","Native",30,35,"spillover2","rp","spillover2 rp",6,0,302,302,"Unambiguous","Consistent"
"20624","Native",30,34,"spillover2","rp","spillover2 rp",5,0,242,242,"Ambiguous","Consistent"
"20626","Native",30,44,"spillover2","rp","spillover2 rp",7,0,226,226,"Ambiguous","Inconsistent"
"20628","Native",30,38,"spillover2","rp","spillover2 rp",5,0,670,670,"Ambiguous","Consistent"
"20630","Native",30,45,"spillover2","rp","spillover2 rp",8,0,1060,1060,"Unambiguous","Inconsistent"
"20632","Native",30,32,"spillover2","rp","spillover2 rp",7,0,340,340,"Ambiguous","Inconsistent"
"20634","Native",30,29,"spillover2","rp","spillover2 rp",8,0,166,166,"Unambiguous","Inconsistent"
"20636","Native",30,26,"spillover2","rp","spillover2 rp",5,0,150,150,"Ambiguous","Consistent"
"20638","Native",30,33,"spillover2","rp","spillover2 rp",8,0,872,872,"Unambiguous","Inconsistent"
"20640","Native",30,39,"spillover2","rp","spillover2 rp",6,0,180,180,"Unambiguous","Consistent"
"20641","Native",31,32,"spillover2","rp","spillover2 rp",8,0,4790,4790,"Unambiguous","Inconsistent"
"20643","Native",31,40,"spillover2","rp","spillover2 rp",8,1,0,NA,"Unambiguous","Inconsistent"
"20645","Native",31,47,"spillover2","rp","spillover2 rp",7,0,202,202,"Ambiguous","Inconsistent"
"20647","Native",31,42,"spillover2","rp","spillover2 rp",6,0,382,382,"Unambiguous","Consistent"
"20649","Native",31,29,"spillover2","rp","spillover2 rp",5,0,250,250,"Ambiguous","Consistent"
"20651","Native",31,38,"spillover2","rp","spillover2 rp",6,0,270,270,"Unambiguous","Consistent"
"20653","Native",31,41,"spillover2","rp","spillover2 rp",5,0,154,154,"Ambiguous","Consistent"
"20655","Native",31,37,"spillover2","rp","spillover2 rp",5,0,190,190,"Ambiguous","Consistent"
"20657","Native",31,44,"spillover2","rp","spillover2 rp",8,1,0,NA,"Unambiguous","Inconsistent"
"20659","Native",31,35,"spillover2","rp","spillover2 rp",7,0,208,208,"Ambiguous","Inconsistent"
"20661","Native",31,30,"spillover2","rp","spillover2 rp",6,0,198,198,"Unambiguous","Consistent"
"20663","Native",31,33,"spillover2","rp","spillover2 rp",5,0,226,226,"Ambiguous","Consistent"
"20665","Native",31,45,"spillover2","rp","spillover2 rp",5,0,182,182,"Ambiguous","Consistent"
"20667","Native",31,26,"spillover2","rp","spillover2 rp",6,0,246,246,"Unambiguous","Consistent"
"20669","Native",31,25,"spillover2","rp","spillover2 rp",5,0,756,756,"Ambiguous","Consistent"
"20671","Native",31,28,"spillover2","rp","spillover2 rp",8,0,688,688,"Unambiguous","Inconsistent"
"20673","Native",31,46,"spillover2","rp","spillover2 rp",6,0,3352,3352,"Unambiguous","Consistent"
"20675","Native",31,31,"spillover2","rp","spillover2 rp",7,0,278,278,"Ambiguous","Inconsistent"
"20677","Native",31,36,"spillover2","rp","spillover2 rp",8,0,158,158,"Unambiguous","Inconsistent"
"20679","Native",31,27,"spillover2","rp","spillover2 rp",7,0,168,168,"Ambiguous","Inconsistent"
"20681","Native",31,48,"spillover2","rp","spillover2 rp",8,0,346,346,"Unambiguous","Inconsistent"
"20683","Native",31,43,"spillover2","rp","spillover2 rp",7,0,188,188,"Ambiguous","Inconsistent"
"20685","Native",31,34,"spillover2","rp","spillover2 rp",6,0,230,230,"Unambiguous","Consistent"
"20687","Native",31,39,"spillover2","rp","spillover2 rp",7,0,194,194,"Ambiguous","Inconsistent"
"20690","Native",32,47,"spillover2","rp","spillover2 rp",8,1,0,NA,"Unambiguous","Inconsistent"
"20692","Native",32,35,"spillover2","rp","spillover2 rp",8,0,404,404,"Unambiguous","Inconsistent"
"20694","Native",32,31,"spillover2","rp","spillover2 rp",8,0,132,132,"Unambiguous","Inconsistent"
"20696","Native",32,48,"spillover2","rp","spillover2 rp",5,0,146,146,"Ambiguous","Consistent"
"20698","Native",32,26,"spillover2","rp","spillover2 rp",7,1,0,NA,"Ambiguous","Inconsistent"
"20700","Native",32,33,"spillover2","rp","spillover2 rp",6,0,148,148,"Unambiguous","Consistent"
"20702","Native",32,43,"spillover2","rp","spillover2 rp",8,0,354,354,"Unambiguous","Inconsistent"
"20704","Native",32,30,"spillover2","rp","spillover2 rp",7,0,120,120,"Ambiguous","Inconsistent"
"20706","Native",32,36,"spillover2","rp","spillover2 rp",5,0,148,148,"Ambiguous","Consistent"
"20708","Native",32,44,"spillover2","rp","spillover2 rp",5,1,0,NA,"Ambiguous","Consistent"
"20710","Native",32,34,"spillover2","rp","spillover2 rp",7,0,222,222,"Ambiguous","Inconsistent"
"20712","Native",32,42,"spillover2","rp","spillover2 rp",7,1,0,NA,"Ambiguous","Inconsistent"
"20714","Native",32,37,"spillover2","rp","spillover2 rp",6,0,154,154,"Unambiguous","Consistent"
"20716","Native",32,29,"spillover2","rp","spillover2 rp",6,0,794,794,"Unambiguous","Consistent"
"20718","Native",32,41,"spillover2","rp","spillover2 rp",6,0,194,194,"Unambiguous","Consistent"
"20720","Native",32,32,"spillover2","rp","spillover2 rp",5,0,1590,1590,"Ambiguous","Consistent"
"20722","Native",32,27,"spillover2","rp","spillover2 rp",8,1,0,NA,"Unambiguous","Inconsistent"
"20724","Native",32,46,"spillover2","rp","spillover2 rp",7,0,1116,1116,"Ambiguous","Inconsistent"
"20726","Native",32,38,"spillover2","rp","spillover2 rp",7,0,958,958,"Ambiguous","Inconsistent"
"20728","Native",32,28,"spillover2","rp","spillover2 rp",5,0,160,160,"Ambiguous","Consistent"
"20730","Native",32,25,"spillover2","rp","spillover2 rp",6,0,198,198,"Unambiguous","Consistent"
"20732","Native",32,45,"spillover2","rp","spillover2 rp",6,0,138,138,"Unambiguous","Consistent"
"20734","Native",32,39,"spillover2","rp","spillover2 rp",8,0,268,268,"Unambiguous","Inconsistent"
"20736","Native",32,40,"spillover2","rp","spillover2 rp",5,1,0,NA,"Ambiguous","Consistent"
"20738","Native",33,42,"spillover2","rp","spillover2 rp",8,0,464,464,"Unambiguous","Inconsistent"
"20740","Native",33,25,"spillover2","rp","spillover2 rp",7,0,640,640,"Ambiguous","Inconsistent"
"20742","Native",33,37,"spillover2","rp","spillover2 rp",7,0,400,400,"Ambiguous","Inconsistent"
"20744","Native",33,41,"spillover2","rp","spillover2 rp",7,0,380,380,"Ambiguous","Inconsistent"
"20746","Native",33,40,"spillover2","rp","spillover2 rp",6,0,414,414,"Unambiguous","Consistent"
"20748","Native",33,31,"spillover2","rp","spillover2 rp",5,0,1180,1180,"Ambiguous","Consistent"
"20750","Native",33,30,"spillover2","rp","spillover2 rp",8,0,262,262,"Unambiguous","Inconsistent"
"20752","Native",33,35,"spillover2","rp","spillover2 rp",5,0,280,280,"Ambiguous","Consistent"
"20754","Native",33,27,"spillover2","rp","spillover2 rp",5,0,462,462,"Ambiguous","Consistent"
"20756","Native",33,39,"spillover2","rp","spillover2 rp",5,0,284,284,"Ambiguous","Consistent"
"20758","Native",33,47,"spillover2","rp","spillover2 rp",5,0,360,360,"Ambiguous","Consistent"
"20760","Native",33,43,"spillover2","rp","spillover2 rp",5,0,232,232,"Ambiguous","Consistent"
"20762","Native",33,28,"spillover2","rp","spillover2 rp",6,0,332,332,"Unambiguous","Consistent"
"20764","Native",33,46,"spillover2","rp","spillover2 rp",8,0,934,934,"Unambiguous","Inconsistent"
"20766","Native",33,38,"spillover2","rp","spillover2 rp",8,0,590,590,"Unambiguous","Inconsistent"
"20768","Native",33,44,"spillover2","rp","spillover2 rp",6,0,320,320,"Unambiguous","Consistent"
"20770","Native",33,33,"spillover2","rp","spillover2 rp",7,0,670,670,"Ambiguous","Inconsistent"
"20772","Native",33,48,"spillover2","rp","spillover2 rp",6,0,320,320,"Unambiguous","Consistent"
"20774","Native",33,34,"spillover2","rp","spillover2 rp",8,0,282,282,"Unambiguous","Inconsistent"
"20776","Native",33,36,"spillover2","rp","spillover2 rp",6,0,208,208,"Unambiguous","Consistent"
"20778","Native",33,45,"spillover2","rp","spillover2 rp",7,0,208,208,"Ambiguous","Inconsistent"
"20780","Native",33,32,"spillover2","rp","spillover2 rp",6,0,366,366,"Unambiguous","Consistent"
"20782","Native",33,26,"spillover2","rp","spillover2 rp",8,0,182,182,"Unambiguous","Inconsistent"
"20784","Native",33,29,"spillover2","rp","spillover2 rp",7,0,292,292,"Ambiguous","Inconsistent"
"20785","Native",34,40,"spillover2","rp","spillover2 rp",7,0,162,162,"Ambiguous","Inconsistent"
"20787","Native",34,29,"spillover2","rp","spillover2 rp",8,0,231,231,"Unambiguous","Inconsistent"
"20789","Native",34,45,"spillover2","rp","spillover2 rp",8,0,899,899,"Unambiguous","Inconsistent"
"20791","Native",34,32,"spillover2","rp","spillover2 rp",7,0,460,460,"Ambiguous","Inconsistent"
"20793","Native",34,28,"spillover2","rp","spillover2 rp",7,0,284,284,"Ambiguous","Inconsistent"
"20795","Native",34,44,"spillover2","rp","spillover2 rp",7,0,324,324,"Ambiguous","Inconsistent"
"20797","Native",34,39,"spillover2","rp","spillover2 rp",6,0,445,445,"Unambiguous","Consistent"
"20799","Native",34,43,"spillover2","rp","spillover2 rp",6,0,365,365,"Unambiguous","Consistent"
"20801","Native",34,25,"spillover2","rp","spillover2 rp",8,0,459,459,"Unambiguous","Inconsistent"
"20803","Native",34,31,"spillover2","rp","spillover2 rp",6,0,910,910,"Unambiguous","Consistent"
"20805","Native",34,26,"spillover2","rp","spillover2 rp",5,0,262,262,"Ambiguous","Consistent"
"20807","Native",34,30,"spillover2","rp","spillover2 rp",5,0,140,140,"Ambiguous","Consistent"
"20809","Native",34,48,"spillover2","rp","spillover2 rp",7,0,270,270,"Ambiguous","Inconsistent"
"20811","Native",34,41,"spillover2","rp","spillover2 rp",8,0,179,179,"Unambiguous","Inconsistent"
"20813","Native",34,27,"spillover2","rp","spillover2 rp",6,1,0,NA,"Unambiguous","Consistent"
"20815","Native",34,34,"spillover2","rp","spillover2 rp",5,0,251,251,"Ambiguous","Consistent"
"20817","Native",34,35,"spillover2","rp","spillover2 rp",6,0,313,313,"Unambiguous","Consistent"
"20819","Native",34,37,"spillover2","rp","spillover2 rp",8,0,397,397,"Unambiguous","Inconsistent"
"20821","Native",34,46,"spillover2","rp","spillover2 rp",5,0,334,334,"Ambiguous","Consistent"
"20823","Native",34,36,"spillover2","rp","spillover2 rp",7,0,258,258,"Ambiguous","Inconsistent"
"20825","Native",34,33,"spillover2","rp","spillover2 rp",8,0,222,222,"Unambiguous","Inconsistent"
"20827","Native",34,42,"spillover2","rp","spillover2 rp",5,0,223,223,"Ambiguous","Consistent"
"20829","Native",34,38,"spillover2","rp","spillover2 rp",5,0,308,308,"Ambiguous","Consistent"
"20831","Native",34,47,"spillover2","rp","spillover2 rp",6,0,590,590,"Unambiguous","Consistent"
"20834","Native",35,38,"spillover2","rp","spillover2 rp",5,0,1582,1582,"Ambiguous","Consistent"
"20836","Native",35,48,"spillover2","rp","spillover2 rp",7,0,328,328,"Ambiguous","Inconsistent"
"20838","Native",35,47,"spillover2","rp","spillover2 rp",6,0,1070,1070,"Unambiguous","Consistent"
"20840","Native",35,32,"spillover2","rp","spillover2 rp",7,0,1156,1156,"Ambiguous","Inconsistent"
"20842","Native",35,42,"spillover2","rp","spillover2 rp",5,0,482,482,"Ambiguous","Consistent"
"20844","Native",35,31,"spillover2","rp","spillover2 rp",6,0,428,428,"Unambiguous","Consistent"
"20846","Native",35,40,"spillover2","rp","spillover2 rp",7,1,0,NA,"Ambiguous","Inconsistent"
"20848","Native",35,33,"spillover2","rp","spillover2 rp",8,0,1082,1082,"Unambiguous","Inconsistent"
"20850","Native",35,29,"spillover2","rp","spillover2 rp",8,0,188,188,"Unambiguous","Inconsistent"
"20852","Native",35,41,"spillover2","rp","spillover2 rp",8,0,828,828,"Unambiguous","Inconsistent"
"20854","Native",35,46,"spillover2","rp","spillover2 rp",5,0,440,440,"Ambiguous","Consistent"
"20856","Native",35,45,"spillover2","rp","spillover2 rp",8,0,324,324,"Unambiguous","Inconsistent"
"20858","Native",35,39,"spillover2","rp","spillover2 rp",6,0,196,196,"Unambiguous","Consistent"
"20860","Native",35,28,"spillover2","rp","spillover2 rp",7,0,310,310,"Ambiguous","Inconsistent"
"20862","Native",35,44,"spillover2","rp","spillover2 rp",7,0,180,180,"Ambiguous","Inconsistent"
"20864","Native",35,37,"spillover2","rp","spillover2 rp",8,1,0,NA,"Unambiguous","Inconsistent"
"20866","Native",35,25,"spillover2","rp","spillover2 rp",8,0,368,368,"Unambiguous","Inconsistent"
"20868","Native",35,27,"spillover2","rp","spillover2 rp",6,0,152,152,"Unambiguous","Consistent"
"20870","Native",35,36,"spillover2","rp","spillover2 rp",7,1,0,NA,"Ambiguous","Inconsistent"
"20872","Native",35,34,"spillover2","rp","spillover2 rp",5,0,216,216,"Ambiguous","Consistent"
"20874","Native",35,43,"spillover2","rp","spillover2 rp",6,1,0,NA,"Unambiguous","Consistent"
"20876","Native",35,26,"spillover2","rp","spillover2 rp",5,0,238,238,"Ambiguous","Consistent"
"20878","Native",35,30,"spillover2","rp","spillover2 rp",5,0,220,220,"Ambiguous","Consistent"
"20880","Native",35,35,"spillover2","rp","spillover2 rp",6,0,1118,1118,"Unambiguous","Consistent"
"20882","Native",36,40,"spillover2","rp","spillover2 rp",8,1,0,NA,"Unambiguous","Inconsistent"
"20884","Native",36,42,"spillover2","rp","spillover2 rp",6,0,516,516,"Unambiguous","Consistent"
"20886","Native",36,41,"spillover2","rp","spillover2 rp",5,0,227,227,"Ambiguous","Consistent"
"20888","Native",36,25,"spillover2","rp","spillover2 rp",5,0,233,233,"Ambiguous","Consistent"
"20890","Native",36,37,"spillover2","rp","spillover2 rp",5,0,256,256,"Ambiguous","Consistent"
"20892","Native",36,44,"spillover2","rp","spillover2 rp",8,1,0,NA,"Unambiguous","Inconsistent"
"20894","Native",36,29,"spillover2","rp","spillover2 rp",5,0,187,187,"Ambiguous","Consistent"
"20896","Native",36,38,"spillover2","rp","spillover2 rp",6,0,213,213,"Unambiguous","Consistent"
"20898","Native",36,31,"spillover2","rp","spillover2 rp",7,0,448,448,"Ambiguous","Inconsistent"
"20900","Native",36,30,"spillover2","rp","spillover2 rp",6,0,555,555,"Unambiguous","Consistent"
"20902","Native",36,35,"spillover2","rp","spillover2 rp",7,0,1104,1104,"Ambiguous","Inconsistent"
"20904","Native",36,47,"spillover2","rp","spillover2 rp",7,0,222,222,"Ambiguous","Inconsistent"
"20906","Native",36,32,"spillover2","rp","spillover2 rp",8,0,874,874,"Unambiguous","Inconsistent"
"20908","Native",36,34,"spillover2","rp","spillover2 rp",6,0,254,254,"Unambiguous","Consistent"
"20910","Native",36,36,"spillover2","rp","spillover2 rp",8,0,272,272,"Unambiguous","Inconsistent"
"20912","Native",36,46,"spillover2","rp","spillover2 rp",6,0,1699,1699,"Unambiguous","Consistent"
"20914","Native",36,39,"spillover2","rp","spillover2 rp",7,0,176,176,"Ambiguous","Inconsistent"
"20916","Native",36,27,"spillover2","rp","spillover2 rp",7,0,212,212,"Ambiguous","Inconsistent"
"20918","Native",36,33,"spillover2","rp","spillover2 rp",5,0,565,565,"Ambiguous","Consistent"
"20920","Native",36,28,"spillover2","rp","spillover2 rp",8,0,380,380,"Unambiguous","Inconsistent"
"20922","Native",36,26,"spillover2","rp","spillover2 rp",6,0,223,223,"Unambiguous","Consistent"
"20924","Native",36,43,"spillover2","rp","spillover2 rp",7,0,264,264,"Ambiguous","Inconsistent"
"20926","Native",36,45,"spillover2","rp","spillover2 rp",5,0,168,168,"Ambiguous","Consistent"
"20928","Native",36,48,"spillover2","rp","spillover2 rp",8,0,390,390,"Unambiguous","Inconsistent"
"20930","Native",37,26,"spillover2","rp","spillover2 rp",7,0,193,193,"Ambiguous","Inconsistent"
"20932","Native",37,45,"spillover2","rp","spillover2 rp",6,0,352,352,"Unambiguous","Consistent"
"20934","Native",37,46,"spillover2","rp","spillover2 rp",7,0,437,437,"Ambiguous","Inconsistent"
"20936","Native",37,43,"spillover2","rp","spillover2 rp",8,0,386,386,"Unambiguous","Inconsistent"
"20938","Native",37,31,"spillover2","rp","spillover2 rp",8,0,256,256,"Unambiguous","Inconsistent"
"20940","Native",37,29,"spillover2","rp","spillover2 rp",6,0,178,178,"Unambiguous","Consistent"
"20942","Native",37,44,"spillover2","rp","spillover2 rp",5,1,0,NA,"Ambiguous","Consistent"
"20944","Native",37,39,"spillover2","rp","spillover2 rp",8,0,185,185,"Unambiguous","Inconsistent"
"20946","Native",37,36,"spillover2","rp","spillover2 rp",5,0,170,170,"Ambiguous","Consistent"
"20948","Native",37,38,"spillover2","rp","spillover2 rp",7,0,215,215,"Ambiguous","Inconsistent"
"20950","Native",37,42,"spillover2","rp","spillover2 rp",7,0,336,336,"Ambiguous","Inconsistent"
"20952","Native",37,34,"spillover2","rp","spillover2 rp",7,0,210,210,"Ambiguous","Inconsistent"
"20954","Native",37,28,"spillover2","rp","spillover2 rp",5,0,172,172,"Ambiguous","Consistent"
"20956","Native",37,37,"spillover2","rp","spillover2 rp",6,0,165,165,"Unambiguous","Consistent"
"20958","Native",37,48,"spillover2","rp","spillover2 rp",5,0,473,473,"Ambiguous","Consistent"
"20960","Native",37,47,"spillover2","rp","spillover2 rp",8,0,163,163,"Unambiguous","Inconsistent"
"20962","Native",37,40,"spillover2","rp","spillover2 rp",5,1,0,NA,"Ambiguous","Consistent"
"20964","Native",37,30,"spillover2","rp","spillover2 rp",7,0,159,159,"Ambiguous","Inconsistent"
"20966","Native",37,32,"spillover2","rp","spillover2 rp",5,0,172,172,"Ambiguous","Consistent"
"20968","Native",37,35,"spillover2","rp","spillover2 rp",8,0,329,329,"Unambiguous","Inconsistent"
"20970","Native",37,27,"spillover2","rp","spillover2 rp",8,0,169,169,"Unambiguous","Inconsistent"
"20972","Native",37,25,"spillover2","rp","spillover2 rp",6,0,214,214,"Unambiguous","Consistent"
"20974","Native",37,41,"spillover2","rp","spillover2 rp",6,0,288,288,"Unambiguous","Consistent"
"20976","Native",37,33,"spillover2","rp","spillover2 rp",6,0,154,154,"Unambiguous","Consistent"
"20977","Native",38,39,"spillover2","rp","spillover2 rp",5,0,1372,1372,"Ambiguous","Consistent"
"20979","Native",38,46,"spillover2","rp","spillover2 rp",8,0,3350,3350,"Unambiguous","Inconsistent"
"20981","Native",38,25,"spillover2","rp","spillover2 rp",7,0,191,191,"Ambiguous","Inconsistent"
"20983","Native",38,27,"spillover2","rp","spillover2 rp",5,0,208,208,"Ambiguous","Consistent"
"20985","Native",38,32,"spillover2","rp","spillover2 rp",6,0,806,806,"Unambiguous","Consistent"
"20987","Native",38,43,"spillover2","rp","spillover2 rp",5,1,0,NA,"Ambiguous","Consistent"
"20989","Native",38,44,"spillover2","rp","spillover2 rp",6,0,872,872,"Unambiguous","Consistent"
"20991","Native",38,37,"spillover2","rp","spillover2 rp",7,0,296,296,"Ambiguous","Inconsistent"
"20993","Native",38,40,"spillover2","rp","spillover2 rp",6,0,320,320,"Unambiguous","Consistent"
"20995","Native",38,38,"spillover2","rp","spillover2 rp",8,0,289,289,"Unambiguous","Inconsistent"
"20997","Native",38,48,"spillover2","rp","spillover2 rp",6,0,257,257,"Unambiguous","Consistent"
"20999","Native",38,35,"spillover2","rp","spillover2 rp",5,0,346,346,"Ambiguous","Consistent"
"21001","Native",38,36,"spillover2","rp","spillover2 rp",6,1,0,NA,"Unambiguous","Consistent"
"21003","Native",38,28,"spillover2","rp","spillover2 rp",6,0,234,234,"Unambiguous","Consistent"
"21005","Native",38,30,"spillover2","rp","spillover2 rp",8,0,2489,2489,"Unambiguous","Inconsistent"
"21007","Native",38,45,"spillover2","rp","spillover2 rp",7,0,1245,1245,"Ambiguous","Inconsistent"
"21009","Native",38,33,"spillover2","rp","spillover2 rp",7,0,474,474,"Ambiguous","Inconsistent"
"21011","Native",38,47,"spillover2","rp","spillover2 rp",5,0,602,602,"Ambiguous","Consistent"
"21013","Native",38,31,"spillover2","rp","spillover2 rp",5,0,352,352,"Ambiguous","Consistent"
"21015","Native",38,26,"spillover2","rp","spillover2 rp",8,0,295,295,"Unambiguous","Inconsistent"
"21017","Native",38,41,"spillover2","rp","spillover2 rp",7,0,389,389,"Ambiguous","Inconsistent"
"21019","Native",38,29,"spillover2","rp","spillover2 rp",7,0,215,215,"Ambiguous","Inconsistent"
"21021","Native",38,34,"spillover2","rp","spillover2 rp",8,0,328,328,"Unambiguous","Inconsistent"
"21023","Native",38,42,"spillover2","rp","spillover2 rp",8,0,1120,1120,"Unambiguous","Inconsistent"
"21025","Native",39,27,"spillover2","rp","spillover2 rp",6,0,242,242,"Unambiguous","Consistent"
"21027","Native",39,37,"spillover2","rp","spillover2 rp",8,0,296,296,"Unambiguous","Inconsistent"
"21029","Native",39,45,"spillover2","rp","spillover2 rp",8,0,303,303,"Unambiguous","Inconsistent"
"21031","Native",39,34,"spillover2","rp","spillover2 rp",5,0,851,851,"Ambiguous","Consistent"
"21033","Native",39,31,"spillover2","rp","spillover2 rp",6,0,254,254,"Unambiguous","Consistent"
"21035","Native",39,39,"spillover2","rp","spillover2 rp",6,0,481,481,"Unambiguous","Consistent"
"21037","Native",39,46,"spillover2","rp","spillover2 rp",5,0,455,455,"Ambiguous","Consistent"
"21039","Native",39,40,"spillover2","rp","spillover2 rp",7,0,175,175,"Ambiguous","Inconsistent"
"21041","Native",39,43,"spillover2","rp","spillover2 rp",6,0,889,889,"Unambiguous","Consistent"
"21043","Native",39,47,"spillover2","rp","spillover2 rp",6,0,1007,1007,"Unambiguous","Consistent"
"21045","Native",39,44,"spillover2","rp","spillover2 rp",7,0,431,431,"Ambiguous","Inconsistent"
"21047","Native",39,33,"spillover2","rp","spillover2 rp",8,0,658,658,"Unambiguous","Inconsistent"
"21049","Native",39,36,"spillover2","rp","spillover2 rp",7,0,397,397,"Ambiguous","Inconsistent"
"21051","Native",39,41,"spillover2","rp","spillover2 rp",8,0,642,642,"Unambiguous","Inconsistent"
"21053","Native",39,25,"spillover2","rp","spillover2 rp",8,0,613,613,"Unambiguous","Inconsistent"
"21055","Native",39,38,"spillover2","rp","spillover2 rp",5,0,240,240,"Ambiguous","Consistent"
"21057","Native",39,29,"spillover2","rp","spillover2 rp",8,0,719,719,"Unambiguous","Inconsistent"
"21059","Native",39,48,"spillover2","rp","spillover2 rp",7,0,579,579,"Ambiguous","Inconsistent"
"21061","Native",39,30,"spillover2","rp","spillover2 rp",5,0,184,184,"Ambiguous","Consistent"
"21063","Native",39,42,"spillover2","rp","spillover2 rp",5,0,405,405,"Ambiguous","Consistent"
"21065","Native",39,32,"spillover2","rp","spillover2 rp",7,0,560,560,"Ambiguous","Inconsistent"
"21067","Native",39,28,"spillover2","rp","spillover2 rp",7,0,607,607,"Ambiguous","Inconsistent"
"21069","Native",39,26,"spillover2","rp","spillover2 rp",5,0,1227,1227,"Ambiguous","Consistent"
"21071","Native",39,35,"spillover2","rp","spillover2 rp",6,0,1062,1062,"Unambiguous","Consistent"
"21074","Native",40,30,"spillover2","rp","spillover2 rp",6,0,137,137,"Unambiguous","Consistent"
"21076","Native",40,48,"spillover2","rp","spillover2 rp",8,0,167,167,"Unambiguous","Inconsistent"
"21078","Native",40,32,"spillover2","rp","spillover2 rp",8,0,390,390,"Unambiguous","Inconsistent"
"21080","Native",40,40,"spillover2","rp","spillover2 rp",8,1,0,NA,"Unambiguous","Inconsistent"
"21082","Native",40,36,"spillover2","rp","spillover2 rp",8,0,161,161,"Unambiguous","Inconsistent"
"21084","Native",40,31,"spillover2","rp","spillover2 rp",7,0,161,161,"Ambiguous","Inconsistent"
"21086","Native",40,38,"spillover2","rp","spillover2 rp",6,0,373,373,"Unambiguous","Consistent"
"21088","Native",40,27,"spillover2","rp","spillover2 rp",7,1,0,NA,"Ambiguous","Inconsistent"
"21090","Native",40,43,"spillover2","rp","spillover2 rp",7,0,120,120,"Ambiguous","Inconsistent"
"21092","Native",40,47,"spillover2","rp","spillover2 rp",7,0,150,150,"Ambiguous","Inconsistent"
"21094","Native",40,28,"spillover2","rp","spillover2 rp",8,0,164,164,"Unambiguous","Inconsistent"
"21096","Native",40,42,"spillover2","rp","spillover2 rp",6,0,172,172,"Unambiguous","Consistent"
"21098","Native",40,39,"spillover2","rp","spillover2 rp",7,0,148,148,"Ambiguous","Inconsistent"
"21100","Native",40,45,"spillover2","rp","spillover2 rp",5,0,166,166,"Ambiguous","Consistent"
"21102","Native",40,26,"spillover2","rp","spillover2 rp",6,1,0,NA,"Unambiguous","Consistent"
"21104","Native",40,37,"spillover2","rp","spillover2 rp",5,0,113,113,"Ambiguous","Consistent"
"21106","Native",40,34,"spillover2","rp","spillover2 rp",6,0,139,139,"Unambiguous","Consistent"
"21108","Native",40,25,"spillover2","rp","spillover2 rp",5,0,157,157,"Ambiguous","Consistent"
"21110","Native",40,29,"spillover2","rp","spillover2 rp",5,1,0,NA,"Ambiguous","Consistent"
"21112","Native",40,33,"spillover2","rp","spillover2 rp",5,0,152,152,"Ambiguous","Consistent"
"21114","Native",40,44,"spillover2","rp","spillover2 rp",8,0,159,159,"Unambiguous","Inconsistent"
"21116","Native",40,46,"spillover2","rp","spillover2 rp",6,0,159,159,"Unambiguous","Consistent"
"21118","Native",40,41,"spillover2","rp","spillover2 rp",5,0,119,119,"Ambiguous","Consistent"
"21120","Native",40,35,"spillover2","rp","spillover2 rp",7,0,187,187,"Ambiguous","Inconsistent"
