"","group","subject","item","region","measure","sort","condition","skips","rawdata","nozero","ambiguity","gender"
"26882","Native",1,24,"reflexive","tt","reflexive tt",4,0,177,177,"Unambiguous","Mismatch"
"26884","Native",1,12,"reflexive","tt","reflexive tt",4,0,654,654,"Unambiguous","Mismatch"
"26886","Native",1,6,"reflexive","tt","reflexive tt",2,0,324,324,"Ambiguous","Mismatch"
"26888","Native",1,7,"reflexive","tt","reflexive tt",3,0,661,661,"Unambiguous","Match"
"26890","Native",1,14,"reflexive","tt","reflexive tt",2,0,463,463,"Ambiguous","Mismatch"
"26892","Native",1,21,"reflexive","tt","reflexive tt",1,0,383,383,"Ambiguous","Match"
"26894","Native",1,19,"reflexive","tt","reflexive tt",3,0,346,346,"Unambiguous","Match"
"26896","Native",1,17,"reflexive","tt","reflexive tt",1,0,547,547,"Ambiguous","Match"
"26898","Native",1,10,"reflexive","tt","reflexive tt",2,0,592,592,"Ambiguous","Mismatch"
"26900","Native",1,23,"reflexive","tt","reflexive tt",3,0,926,926,"Unambiguous","Match"
"26902","Native",1,15,"reflexive","tt","reflexive tt",3,0,487,487,"Unambiguous","Match"
"26904","Native",1,1,"reflexive","tt","reflexive tt",1,0,317,317,"Ambiguous","Match"
"26906","Native",1,2,"reflexive","tt","reflexive tt",2,0,659,659,"Ambiguous","Mismatch"
"26908","Native",1,5,"reflexive","tt","reflexive tt",1,0,179,179,"Ambiguous","Match"
"26910","Native",1,16,"reflexive","tt","reflexive tt",4,0,448,448,"Unambiguous","Mismatch"
"26912","Native",1,3,"reflexive","tt","reflexive tt",3,0,224,224,"Unambiguous","Match"
"26914","Native",1,13,"reflexive","tt","reflexive tt",1,0,1196,1196,"Ambiguous","Match"
"26916","Native",1,11,"reflexive","tt","reflexive tt",3,0,191,191,"Unambiguous","Match"
"26918","Native",1,9,"reflexive","tt","reflexive tt",1,0,203,203,"Ambiguous","Match"
"26920","Native",1,8,"reflexive","tt","reflexive tt",4,0,397,397,"Unambiguous","Mismatch"
"26922","Native",1,4,"reflexive","tt","reflexive tt",4,0,531,531,"Unambiguous","Mismatch"
"26924","Native",1,20,"reflexive","tt","reflexive tt",4,0,898,898,"Unambiguous","Mismatch"
"26926","Native",1,18,"reflexive","tt","reflexive tt",2,0,407,407,"Ambiguous","Mismatch"
"26928","Native",1,22,"reflexive","tt","reflexive tt",2,0,763,763,"Ambiguous","Mismatch"
"26930","Native",2,14,"reflexive","tt","reflexive tt",3,0,527,527,"Unambiguous","Match"
"26932","Native",2,4,"reflexive","tt","reflexive tt",1,1,0,NA,"Ambiguous","Match"
"26934","Native",2,19,"reflexive","tt","reflexive tt",4,0,401,401,"Unambiguous","Mismatch"
"26936","Native",2,1,"reflexive","tt","reflexive tt",2,0,263,263,"Ambiguous","Mismatch"
"26938","Native",2,5,"reflexive","tt","reflexive tt",2,0,748,748,"Ambiguous","Mismatch"
"26940","Native",2,15,"reflexive","tt","reflexive tt",4,0,843,843,"Unambiguous","Mismatch"
"26942","Native",2,7,"reflexive","tt","reflexive tt",4,0,710,710,"Unambiguous","Mismatch"
"26944","Native",2,18,"reflexive","tt","reflexive tt",3,0,179,179,"Unambiguous","Match"
"26946","Native",2,6,"reflexive","tt","reflexive tt",3,1,0,NA,"Unambiguous","Match"
"26948","Native",2,22,"reflexive","tt","reflexive tt",3,0,502,502,"Unambiguous","Match"
"26950","Native",2,10,"reflexive","tt","reflexive tt",3,0,522,522,"Unambiguous","Match"
"26952","Native",2,8,"reflexive","tt","reflexive tt",1,0,206,206,"Ambiguous","Match"
"26954","Native",2,24,"reflexive","tt","reflexive tt",1,0,172,172,"Ambiguous","Match"
"26956","Native",2,17,"reflexive","tt","reflexive tt",2,0,338,338,"Ambiguous","Mismatch"
"26958","Native",2,2,"reflexive","tt","reflexive tt",3,1,0,NA,"Unambiguous","Match"
"26960","Native",2,11,"reflexive","tt","reflexive tt",4,1,0,NA,"Unambiguous","Mismatch"
"26962","Native",2,3,"reflexive","tt","reflexive tt",4,0,231,231,"Unambiguous","Mismatch"
"26964","Native",2,21,"reflexive","tt","reflexive tt",2,0,138,138,"Ambiguous","Mismatch"
"26966","Native",2,20,"reflexive","tt","reflexive tt",1,0,181,181,"Ambiguous","Match"
"26968","Native",2,16,"reflexive","tt","reflexive tt",1,0,188,188,"Ambiguous","Match"
"26970","Native",2,13,"reflexive","tt","reflexive tt",2,0,628,628,"Ambiguous","Mismatch"
"26972","Native",2,9,"reflexive","tt","reflexive tt",2,0,560,560,"Ambiguous","Mismatch"
"26974","Native",2,12,"reflexive","tt","reflexive tt",1,0,143,143,"Ambiguous","Match"
"26976","Native",2,23,"reflexive","tt","reflexive tt",4,0,581,581,"Unambiguous","Mismatch"
"26977","Native",3,11,"reflexive","tt","reflexive tt",1,0,244,244,"Ambiguous","Match"
"26979","Native",3,21,"reflexive","tt","reflexive tt",3,0,322,322,"Unambiguous","Match"
"26981","Native",3,2,"reflexive","tt","reflexive tt",4,0,1905,1905,"Unambiguous","Mismatch"
"26983","Native",3,20,"reflexive","tt","reflexive tt",2,0,1701,1701,"Ambiguous","Mismatch"
"26985","Native",3,9,"reflexive","tt","reflexive tt",3,0,218,218,"Unambiguous","Match"
"26987","Native",3,4,"reflexive","tt","reflexive tt",2,0,909,909,"Ambiguous","Mismatch"
"26989","Native",3,3,"reflexive","tt","reflexive tt",1,0,321,321,"Ambiguous","Match"
"26991","Native",3,1,"reflexive","tt","reflexive tt",3,0,322,322,"Unambiguous","Match"
"26993","Native",3,13,"reflexive","tt","reflexive tt",3,0,237,237,"Unambiguous","Match"
"26995","Native",3,18,"reflexive","tt","reflexive tt",4,0,376,376,"Unambiguous","Mismatch"
"26997","Native",3,7,"reflexive","tt","reflexive tt",1,0,707,707,"Ambiguous","Match"
"26999","Native",3,5,"reflexive","tt","reflexive tt",3,0,634,634,"Unambiguous","Match"
"27001","Native",3,15,"reflexive","tt","reflexive tt",1,0,154,154,"Ambiguous","Match"
"27003","Native",3,16,"reflexive","tt","reflexive tt",2,0,476,476,"Ambiguous","Mismatch"
"27005","Native",3,8,"reflexive","tt","reflexive tt",2,0,244,244,"Ambiguous","Mismatch"
"27007","Native",3,22,"reflexive","tt","reflexive tt",4,0,2816,2816,"Unambiguous","Mismatch"
"27009","Native",3,17,"reflexive","tt","reflexive tt",3,0,331,331,"Unambiguous","Match"
"27011","Native",3,19,"reflexive","tt","reflexive tt",1,0,214,214,"Ambiguous","Match"
"27013","Native",3,23,"reflexive","tt","reflexive tt",1,0,431,431,"Ambiguous","Match"
"27015","Native",3,14,"reflexive","tt","reflexive tt",4,0,666,666,"Unambiguous","Mismatch"
"27017","Native",3,24,"reflexive","tt","reflexive tt",2,0,293,293,"Ambiguous","Mismatch"
"27019","Native",3,10,"reflexive","tt","reflexive tt",4,0,212,212,"Unambiguous","Mismatch"
"27021","Native",3,12,"reflexive","tt","reflexive tt",2,0,892,892,"Ambiguous","Mismatch"
"27023","Native",3,6,"reflexive","tt","reflexive tt",4,0,676,676,"Unambiguous","Mismatch"
"27025","Native",4,21,"reflexive","tt","reflexive tt",4,0,316,316,"Unambiguous","Mismatch"
"27027","Native",4,14,"reflexive","tt","reflexive tt",1,0,225,225,"Ambiguous","Match"
"27029","Native",4,22,"reflexive","tt","reflexive tt",1,0,162,162,"Ambiguous","Match"
"27031","Native",4,11,"reflexive","tt","reflexive tt",2,0,313,313,"Ambiguous","Mismatch"
"27033","Native",4,15,"reflexive","tt","reflexive tt",2,0,162,162,"Ambiguous","Mismatch"
"27035","Native",4,23,"reflexive","tt","reflexive tt",2,0,158,158,"Ambiguous","Mismatch"
"27037","Native",4,18,"reflexive","tt","reflexive tt",1,0,110,110,"Ambiguous","Match"
"27039","Native",4,6,"reflexive","tt","reflexive tt",1,0,202,202,"Ambiguous","Match"
"27041","Native",4,10,"reflexive","tt","reflexive tt",1,0,125,125,"Ambiguous","Match"
"27043","Native",4,12,"reflexive","tt","reflexive tt",3,0,158,158,"Unambiguous","Match"
"27045","Native",4,19,"reflexive","tt","reflexive tt",2,0,134,134,"Ambiguous","Mismatch"
"27047","Native",4,1,"reflexive","tt","reflexive tt",4,0,161,161,"Unambiguous","Mismatch"
"27049","Native",4,20,"reflexive","tt","reflexive tt",3,0,145,145,"Unambiguous","Match"
"27051","Native",4,16,"reflexive","tt","reflexive tt",3,0,186,186,"Unambiguous","Match"
"27053","Native",4,2,"reflexive","tt","reflexive tt",1,0,96,96,"Ambiguous","Match"
"27055","Native",4,5,"reflexive","tt","reflexive tt",4,0,145,145,"Unambiguous","Mismatch"
"27057","Native",4,17,"reflexive","tt","reflexive tt",4,0,222,222,"Unambiguous","Mismatch"
"27059","Native",4,24,"reflexive","tt","reflexive tt",3,0,189,189,"Unambiguous","Match"
"27061","Native",4,13,"reflexive","tt","reflexive tt",4,0,117,117,"Unambiguous","Mismatch"
"27063","Native",4,8,"reflexive","tt","reflexive tt",3,0,156,156,"Unambiguous","Match"
"27065","Native",4,9,"reflexive","tt","reflexive tt",4,0,123,123,"Unambiguous","Mismatch"
"27067","Native",4,7,"reflexive","tt","reflexive tt",2,0,82,82,"Ambiguous","Mismatch"
"27069","Native",4,4,"reflexive","tt","reflexive tt",3,0,129,129,"Unambiguous","Match"
"27071","Native",4,3,"reflexive","tt","reflexive tt",2,0,170,170,"Ambiguous","Mismatch"
"27074","Native",5,8,"reflexive","tt","reflexive tt",4,0,1331,1331,"Unambiguous","Mismatch"
"27076","Native",5,4,"reflexive","tt","reflexive tt",4,0,996,996,"Unambiguous","Mismatch"
"27078","Native",5,19,"reflexive","tt","reflexive tt",3,1,0,NA,"Unambiguous","Match"
"27080","Native",5,21,"reflexive","tt","reflexive tt",1,0,759,759,"Ambiguous","Match"
"27082","Native",5,13,"reflexive","tt","reflexive tt",1,0,333,333,"Ambiguous","Match"
"27084","Native",5,9,"reflexive","tt","reflexive tt",1,0,155,155,"Ambiguous","Match"
"27086","Native",5,3,"reflexive","tt","reflexive tt",3,0,161,161,"Unambiguous","Match"
"27088","Native",5,12,"reflexive","tt","reflexive tt",4,0,273,273,"Unambiguous","Mismatch"
"27090","Native",5,2,"reflexive","tt","reflexive tt",2,0,165,165,"Ambiguous","Mismatch"
"27092","Native",5,15,"reflexive","tt","reflexive tt",3,0,378,378,"Unambiguous","Match"
"27094","Native",5,5,"reflexive","tt","reflexive tt",1,0,151,151,"Ambiguous","Match"
"27096","Native",5,7,"reflexive","tt","reflexive tt",3,0,198,198,"Unambiguous","Match"
"27098","Native",5,22,"reflexive","tt","reflexive tt",2,0,228,228,"Ambiguous","Mismatch"
"27100","Native",5,17,"reflexive","tt","reflexive tt",1,0,266,266,"Ambiguous","Match"
"27102","Native",5,16,"reflexive","tt","reflexive tt",4,0,189,189,"Unambiguous","Mismatch"
"27104","Native",5,1,"reflexive","tt","reflexive tt",1,1,0,NA,"Ambiguous","Match"
"27106","Native",5,14,"reflexive","tt","reflexive tt",2,0,181,181,"Ambiguous","Mismatch"
"27108","Native",5,24,"reflexive","tt","reflexive tt",4,0,137,137,"Unambiguous","Mismatch"
"27110","Native",5,23,"reflexive","tt","reflexive tt",3,0,171,171,"Unambiguous","Match"
"27112","Native",5,18,"reflexive","tt","reflexive tt",2,0,187,187,"Ambiguous","Mismatch"
"27114","Native",5,11,"reflexive","tt","reflexive tt",3,1,0,NA,"Unambiguous","Match"
"27116","Native",5,20,"reflexive","tt","reflexive tt",4,1,0,NA,"Unambiguous","Mismatch"
"27118","Native",5,10,"reflexive","tt","reflexive tt",2,0,212,212,"Ambiguous","Mismatch"
"27120","Native",5,6,"reflexive","tt","reflexive tt",2,0,364,364,"Ambiguous","Mismatch"
"27121","Native",6,12,"reflexive","tt","reflexive tt",1,0,395,395,"Ambiguous","Match"
"27123","Native",6,14,"reflexive","tt","reflexive tt",3,0,304,304,"Unambiguous","Match"
"27125","Native",6,5,"reflexive","tt","reflexive tt",2,0,339,339,"Ambiguous","Mismatch"
"27127","Native",6,22,"reflexive","tt","reflexive tt",3,0,175,175,"Unambiguous","Match"
"27129","Native",6,15,"reflexive","tt","reflexive tt",4,0,163,163,"Unambiguous","Mismatch"
"27131","Native",6,17,"reflexive","tt","reflexive tt",2,0,105,105,"Ambiguous","Mismatch"
"27133","Native",6,3,"reflexive","tt","reflexive tt",4,0,173,173,"Unambiguous","Mismatch"
"27135","Native",6,2,"reflexive","tt","reflexive tt",3,0,209,209,"Unambiguous","Match"
"27137","Native",6,9,"reflexive","tt","reflexive tt",2,0,105,105,"Ambiguous","Mismatch"
"27139","Native",6,8,"reflexive","tt","reflexive tt",1,0,217,217,"Ambiguous","Match"
"27141","Native",6,24,"reflexive","tt","reflexive tt",1,0,132,132,"Ambiguous","Match"
"27143","Native",6,11,"reflexive","tt","reflexive tt",4,1,0,NA,"Unambiguous","Mismatch"
"27145","Native",6,16,"reflexive","tt","reflexive tt",1,0,176,176,"Ambiguous","Match"
"27147","Native",6,21,"reflexive","tt","reflexive tt",2,0,299,299,"Ambiguous","Mismatch"
"27149","Native",6,13,"reflexive","tt","reflexive tt",2,0,300,300,"Ambiguous","Mismatch"
"27151","Native",6,7,"reflexive","tt","reflexive tt",4,1,0,NA,"Unambiguous","Mismatch"
"27153","Native",6,19,"reflexive","tt","reflexive tt",4,1,0,NA,"Unambiguous","Mismatch"
"27155","Native",6,23,"reflexive","tt","reflexive tt",4,0,130,130,"Unambiguous","Mismatch"
"27157","Native",6,1,"reflexive","tt","reflexive tt",2,0,296,296,"Ambiguous","Mismatch"
"27159","Native",6,6,"reflexive","tt","reflexive tt",3,0,209,209,"Unambiguous","Match"
"27161","Native",6,4,"reflexive","tt","reflexive tt",1,1,0,NA,"Ambiguous","Match"
"27163","Native",6,20,"reflexive","tt","reflexive tt",1,1,0,NA,"Ambiguous","Match"
"27165","Native",6,10,"reflexive","tt","reflexive tt",3,0,356,356,"Unambiguous","Match"
"27167","Native",6,18,"reflexive","tt","reflexive tt",3,1,0,NA,"Unambiguous","Match"
"27170","Native",7,16,"reflexive","tt","reflexive tt",2,0,164,164,"Ambiguous","Mismatch"
"27172","Native",7,14,"reflexive","tt","reflexive tt",4,0,353,353,"Unambiguous","Mismatch"
"27174","Native",7,12,"reflexive","tt","reflexive tt",2,0,1233,1233,"Ambiguous","Mismatch"
"27176","Native",7,20,"reflexive","tt","reflexive tt",2,0,1065,1065,"Ambiguous","Mismatch"
"27178","Native",7,10,"reflexive","tt","reflexive tt",4,0,347,347,"Unambiguous","Mismatch"
"27180","Native",7,24,"reflexive","tt","reflexive tt",2,0,703,703,"Ambiguous","Mismatch"
"27182","Native",7,22,"reflexive","tt","reflexive tt",4,0,380,380,"Unambiguous","Mismatch"
"27184","Native",7,23,"reflexive","tt","reflexive tt",1,0,575,575,"Ambiguous","Match"
"27186","Native",7,18,"reflexive","tt","reflexive tt",4,0,1066,1066,"Unambiguous","Mismatch"
"27188","Native",7,8,"reflexive","tt","reflexive tt",2,0,1462,1462,"Ambiguous","Mismatch"
"27190","Native",7,1,"reflexive","tt","reflexive tt",3,0,639,639,"Unambiguous","Match"
"27192","Native",7,2,"reflexive","tt","reflexive tt",4,0,1140,1140,"Unambiguous","Mismatch"
"27194","Native",7,13,"reflexive","tt","reflexive tt",3,0,144,144,"Unambiguous","Match"
"27196","Native",7,11,"reflexive","tt","reflexive tt",1,0,226,226,"Ambiguous","Match"
"27198","Native",7,5,"reflexive","tt","reflexive tt",3,0,166,166,"Unambiguous","Match"
"27200","Native",7,3,"reflexive","tt","reflexive tt",1,1,0,NA,"Ambiguous","Match"
"27202","Native",7,19,"reflexive","tt","reflexive tt",1,1,0,NA,"Ambiguous","Match"
"27204","Native",7,7,"reflexive","tt","reflexive tt",1,0,444,444,"Ambiguous","Match"
"27206","Native",7,15,"reflexive","tt","reflexive tt",1,0,194,194,"Ambiguous","Match"
"27208","Native",7,4,"reflexive","tt","reflexive tt",2,0,173,173,"Ambiguous","Mismatch"
"27210","Native",7,17,"reflexive","tt","reflexive tt",3,0,111,111,"Unambiguous","Match"
"27212","Native",7,21,"reflexive","tt","reflexive tt",3,0,492,492,"Unambiguous","Match"
"27214","Native",7,6,"reflexive","tt","reflexive tt",4,1,0,NA,"Unambiguous","Mismatch"
"27216","Native",7,9,"reflexive","tt","reflexive tt",3,1,0,NA,"Unambiguous","Match"
"27217","Native",8,11,"reflexive","tt","reflexive tt",2,0,141,141,"Ambiguous","Mismatch"
"27219","Native",8,17,"reflexive","tt","reflexive tt",4,0,221,221,"Unambiguous","Mismatch"
"27221","Native",8,2,"reflexive","tt","reflexive tt",1,0,189,189,"Ambiguous","Match"
"27223","Native",8,18,"reflexive","tt","reflexive tt",1,0,202,202,"Ambiguous","Match"
"27225","Native",8,14,"reflexive","tt","reflexive tt",1,0,194,194,"Ambiguous","Match"
"27227","Native",8,4,"reflexive","tt","reflexive tt",3,0,418,418,"Unambiguous","Match"
"27229","Native",8,23,"reflexive","tt","reflexive tt",2,0,300,300,"Ambiguous","Mismatch"
"27231","Native",8,21,"reflexive","tt","reflexive tt",4,0,529,529,"Unambiguous","Mismatch"
"27233","Native",8,5,"reflexive","tt","reflexive tt",4,0,414,414,"Unambiguous","Mismatch"
"27235","Native",8,1,"reflexive","tt","reflexive tt",4,0,182,182,"Unambiguous","Mismatch"
"27237","Native",8,6,"reflexive","tt","reflexive tt",1,0,489,489,"Ambiguous","Match"
"27239","Native",8,7,"reflexive","tt","reflexive tt",2,0,522,522,"Ambiguous","Mismatch"
"27241","Native",8,12,"reflexive","tt","reflexive tt",3,0,252,252,"Unambiguous","Match"
"27243","Native",8,10,"reflexive","tt","reflexive tt",1,1,0,NA,"Ambiguous","Match"
"27245","Native",8,16,"reflexive","tt","reflexive tt",3,0,158,158,"Unambiguous","Match"
"27247","Native",8,8,"reflexive","tt","reflexive tt",3,0,214,214,"Unambiguous","Match"
"27249","Native",8,19,"reflexive","tt","reflexive tt",2,0,259,259,"Ambiguous","Mismatch"
"27251","Native",8,15,"reflexive","tt","reflexive tt",2,0,212,212,"Ambiguous","Mismatch"
"27253","Native",8,22,"reflexive","tt","reflexive tt",1,0,632,632,"Ambiguous","Match"
"27255","Native",8,9,"reflexive","tt","reflexive tt",4,0,879,879,"Unambiguous","Mismatch"
"27257","Native",8,24,"reflexive","tt","reflexive tt",3,0,293,293,"Unambiguous","Match"
"27259","Native",8,13,"reflexive","tt","reflexive tt",4,0,257,257,"Unambiguous","Mismatch"
"27261","Native",8,3,"reflexive","tt","reflexive tt",2,0,550,550,"Ambiguous","Mismatch"
"27263","Native",8,20,"reflexive","tt","reflexive tt",3,0,181,181,"Unambiguous","Match"
"27266","Native",9,9,"reflexive","tt","reflexive tt",1,0,170,170,"Ambiguous","Match"
"27268","Native",9,3,"reflexive","tt","reflexive tt",3,0,168,168,"Unambiguous","Match"
"27270","Native",9,5,"reflexive","tt","reflexive tt",1,0,355,355,"Ambiguous","Match"
"27272","Native",9,22,"reflexive","tt","reflexive tt",2,0,786,786,"Ambiguous","Mismatch"
"27274","Native",9,2,"reflexive","tt","reflexive tt",2,0,536,536,"Ambiguous","Mismatch"
"27276","Native",9,7,"reflexive","tt","reflexive tt",3,0,182,182,"Unambiguous","Match"
"27278","Native",9,6,"reflexive","tt","reflexive tt",2,0,370,370,"Ambiguous","Mismatch"
"27280","Native",9,13,"reflexive","tt","reflexive tt",1,0,251,251,"Ambiguous","Match"
"27282","Native",9,24,"reflexive","tt","reflexive tt",4,0,189,189,"Unambiguous","Mismatch"
"27284","Native",9,14,"reflexive","tt","reflexive tt",2,0,364,364,"Ambiguous","Mismatch"
"27286","Native",9,12,"reflexive","tt","reflexive tt",4,1,0,NA,"Unambiguous","Mismatch"
"27288","Native",9,20,"reflexive","tt","reflexive tt",4,0,197,197,"Unambiguous","Mismatch"
"27290","Native",9,4,"reflexive","tt","reflexive tt",4,0,161,161,"Unambiguous","Mismatch"
"27292","Native",9,23,"reflexive","tt","reflexive tt",3,0,641,641,"Unambiguous","Match"
"27294","Native",9,10,"reflexive","tt","reflexive tt",2,0,132,132,"Ambiguous","Mismatch"
"27296","Native",9,1,"reflexive","tt","reflexive tt",1,0,1017,1017,"Ambiguous","Match"
"27298","Native",9,16,"reflexive","tt","reflexive tt",4,0,375,375,"Unambiguous","Mismatch"
"27300","Native",9,18,"reflexive","tt","reflexive tt",2,0,256,256,"Ambiguous","Mismatch"
"27302","Native",9,21,"reflexive","tt","reflexive tt",1,0,699,699,"Ambiguous","Match"
"27304","Native",9,15,"reflexive","tt","reflexive tt",3,0,224,224,"Unambiguous","Match"
"27306","Native",9,17,"reflexive","tt","reflexive tt",1,0,242,242,"Ambiguous","Match"
"27308","Native",9,11,"reflexive","tt","reflexive tt",3,0,119,119,"Unambiguous","Match"
"27310","Native",9,19,"reflexive","tt","reflexive tt",3,0,144,144,"Unambiguous","Match"
"27312","Native",9,8,"reflexive","tt","reflexive tt",4,0,328,328,"Unambiguous","Mismatch"
"27314","Native",10,13,"reflexive","tt","reflexive tt",2,0,204,204,"Ambiguous","Mismatch"
"27316","Native",10,3,"reflexive","tt","reflexive tt",4,0,438,438,"Unambiguous","Mismatch"
"27318","Native",10,9,"reflexive","tt","reflexive tt",2,0,227,227,"Ambiguous","Mismatch"
"27320","Native",10,20,"reflexive","tt","reflexive tt",1,0,234,234,"Ambiguous","Match"
"27322","Native",10,1,"reflexive","tt","reflexive tt",2,1,0,NA,"Ambiguous","Mismatch"
"27324","Native",10,5,"reflexive","tt","reflexive tt",2,0,190,190,"Ambiguous","Mismatch"
"27326","Native",10,6,"reflexive","tt","reflexive tt",3,1,0,NA,"Unambiguous","Match"
"27328","Native",10,4,"reflexive","tt","reflexive tt",1,0,233,233,"Ambiguous","Match"
"27330","Native",10,23,"reflexive","tt","reflexive tt",4,0,170,170,"Unambiguous","Mismatch"
"27332","Native",10,17,"reflexive","tt","reflexive tt",2,0,223,223,"Ambiguous","Mismatch"
"27334","Native",10,2,"reflexive","tt","reflexive tt",3,0,244,244,"Unambiguous","Match"
"27336","Native",10,11,"reflexive","tt","reflexive tt",4,0,233,233,"Unambiguous","Mismatch"
"27338","Native",10,16,"reflexive","tt","reflexive tt",1,0,178,178,"Ambiguous","Match"
"27340","Native",10,15,"reflexive","tt","reflexive tt",4,0,359,359,"Unambiguous","Mismatch"
"27342","Native",10,21,"reflexive","tt","reflexive tt",2,0,475,475,"Ambiguous","Mismatch"
"27344","Native",10,18,"reflexive","tt","reflexive tt",3,0,224,224,"Unambiguous","Match"
"27346","Native",10,10,"reflexive","tt","reflexive tt",3,0,178,178,"Unambiguous","Match"
"27348","Native",10,22,"reflexive","tt","reflexive tt",3,0,208,208,"Unambiguous","Match"
"27350","Native",10,14,"reflexive","tt","reflexive tt",3,1,0,NA,"Unambiguous","Match"
"27352","Native",10,12,"reflexive","tt","reflexive tt",1,0,234,234,"Ambiguous","Match"
"27354","Native",10,8,"reflexive","tt","reflexive tt",1,0,291,291,"Ambiguous","Match"
"27356","Native",10,19,"reflexive","tt","reflexive tt",4,0,146,146,"Unambiguous","Mismatch"
"27358","Native",10,24,"reflexive","tt","reflexive tt",1,0,181,181,"Ambiguous","Match"
"27360","Native",10,7,"reflexive","tt","reflexive tt",4,1,0,NA,"Unambiguous","Mismatch"
"27362","Native",11,6,"reflexive","tt","reflexive tt",4,0,562,562,"Unambiguous","Mismatch"
"27364","Native",11,14,"reflexive","tt","reflexive tt",4,0,186,186,"Unambiguous","Mismatch"
"27366","Native",11,15,"reflexive","tt","reflexive tt",1,0,216,216,"Ambiguous","Match"
"27368","Native",11,18,"reflexive","tt","reflexive tt",4,0,196,196,"Unambiguous","Mismatch"
"27370","Native",11,20,"reflexive","tt","reflexive tt",2,0,160,160,"Ambiguous","Mismatch"
"27372","Native",11,13,"reflexive","tt","reflexive tt",3,1,0,NA,"Unambiguous","Match"
"27374","Native",11,8,"reflexive","tt","reflexive tt",2,0,254,254,"Ambiguous","Mismatch"
"27376","Native",11,9,"reflexive","tt","reflexive tt",3,0,182,182,"Unambiguous","Match"
"27378","Native",11,19,"reflexive","tt","reflexive tt",1,0,162,162,"Ambiguous","Match"
"27380","Native",11,24,"reflexive","tt","reflexive tt",2,0,750,750,"Ambiguous","Mismatch"
"27382","Native",11,2,"reflexive","tt","reflexive tt",4,0,262,262,"Unambiguous","Mismatch"
"27384","Native",11,10,"reflexive","tt","reflexive tt",4,0,924,924,"Unambiguous","Mismatch"
"27386","Native",11,23,"reflexive","tt","reflexive tt",1,0,288,288,"Ambiguous","Match"
"27388","Native",11,12,"reflexive","tt","reflexive tt",2,0,600,600,"Ambiguous","Mismatch"
"27390","Native",11,21,"reflexive","tt","reflexive tt",3,0,150,150,"Unambiguous","Match"
"27392","Native",11,16,"reflexive","tt","reflexive tt",2,0,186,186,"Ambiguous","Mismatch"
"27394","Native",11,7,"reflexive","tt","reflexive tt",1,0,252,252,"Ambiguous","Match"
"27396","Native",11,5,"reflexive","tt","reflexive tt",3,0,412,412,"Unambiguous","Match"
"27398","Native",11,3,"reflexive","tt","reflexive tt",1,0,244,244,"Ambiguous","Match"
"27400","Native",11,1,"reflexive","tt","reflexive tt",3,0,176,176,"Unambiguous","Match"
"27402","Native",11,4,"reflexive","tt","reflexive tt",2,0,420,420,"Ambiguous","Mismatch"
"27404","Native",11,17,"reflexive","tt","reflexive tt",3,0,298,298,"Unambiguous","Match"
"27406","Native",11,11,"reflexive","tt","reflexive tt",1,0,156,156,"Ambiguous","Match"
"27408","Native",11,22,"reflexive","tt","reflexive tt",4,1,0,NA,"Unambiguous","Mismatch"
"27410","Native",12,21,"reflexive","tt","reflexive tt",2,0,376,376,"Ambiguous","Mismatch"
"27412","Native",12,17,"reflexive","tt","reflexive tt",2,0,147,147,"Ambiguous","Mismatch"
"27414","Native",12,6,"reflexive","tt","reflexive tt",3,0,152,152,"Unambiguous","Match"
"27416","Native",12,10,"reflexive","tt","reflexive tt",3,0,474,474,"Unambiguous","Match"
"27418","Native",12,18,"reflexive","tt","reflexive tt",3,0,426,426,"Unambiguous","Match"
"27420","Native",12,16,"reflexive","tt","reflexive tt",1,0,164,164,"Ambiguous","Match"
"27422","Native",12,15,"reflexive","tt","reflexive tt",4,0,163,163,"Unambiguous","Mismatch"
"27424","Native",12,1,"reflexive","tt","reflexive tt",2,0,425,425,"Ambiguous","Mismatch"
"27426","Native",12,9,"reflexive","tt","reflexive tt",2,0,351,351,"Ambiguous","Mismatch"
"27428","Native",12,11,"reflexive","tt","reflexive tt",4,0,344,344,"Unambiguous","Mismatch"
"27430","Native",12,8,"reflexive","tt","reflexive tt",1,0,417,417,"Ambiguous","Match"
"27432","Native",12,23,"reflexive","tt","reflexive tt",4,0,429,429,"Unambiguous","Mismatch"
"27434","Native",12,5,"reflexive","tt","reflexive tt",2,0,1399,1399,"Ambiguous","Mismatch"
"27436","Native",12,2,"reflexive","tt","reflexive tt",3,0,346,346,"Unambiguous","Match"
"27438","Native",12,4,"reflexive","tt","reflexive tt",1,0,179,179,"Ambiguous","Match"
"27440","Native",12,19,"reflexive","tt","reflexive tt",4,0,172,172,"Unambiguous","Mismatch"
"27442","Native",12,14,"reflexive","tt","reflexive tt",3,1,0,NA,"Unambiguous","Match"
"27444","Native",12,13,"reflexive","tt","reflexive tt",2,0,372,372,"Ambiguous","Mismatch"
"27446","Native",12,24,"reflexive","tt","reflexive tt",1,0,166,166,"Ambiguous","Match"
"27448","Native",12,12,"reflexive","tt","reflexive tt",1,0,193,193,"Ambiguous","Match"
"27450","Native",12,22,"reflexive","tt","reflexive tt",3,0,153,153,"Unambiguous","Match"
"27452","Native",12,20,"reflexive","tt","reflexive tt",1,0,206,206,"Ambiguous","Match"
"27454","Native",12,3,"reflexive","tt","reflexive tt",4,0,430,430,"Unambiguous","Mismatch"
"27456","Native",12,7,"reflexive","tt","reflexive tt",4,0,532,532,"Unambiguous","Mismatch"
"27457","Native",13,5,"reflexive","tt","reflexive tt",4,0,266,266,"Unambiguous","Mismatch"
"27459","Native",13,18,"reflexive","tt","reflexive tt",1,0,576,576,"Ambiguous","Match"
"27461","Native",13,17,"reflexive","tt","reflexive tt",4,0,448,448,"Unambiguous","Mismatch"
"27463","Native",13,4,"reflexive","tt","reflexive tt",3,0,181,181,"Unambiguous","Match"
"27465","Native",13,9,"reflexive","tt","reflexive tt",4,0,1102,1102,"Unambiguous","Mismatch"
"27467","Native",13,10,"reflexive","tt","reflexive tt",1,0,1338,1338,"Ambiguous","Match"
"27469","Native",13,20,"reflexive","tt","reflexive tt",3,0,191,191,"Unambiguous","Match"
"27471","Native",13,22,"reflexive","tt","reflexive tt",1,1,0,NA,"Ambiguous","Match"
"27473","Native",13,13,"reflexive","tt","reflexive tt",4,1,0,NA,"Unambiguous","Mismatch"
"27475","Native",13,24,"reflexive","tt","reflexive tt",3,1,0,NA,"Unambiguous","Match"
"27477","Native",13,12,"reflexive","tt","reflexive tt",3,1,0,NA,"Unambiguous","Match"
"27479","Native",13,7,"reflexive","tt","reflexive tt",2,0,202,202,"Ambiguous","Mismatch"
"27481","Native",13,15,"reflexive","tt","reflexive tt",2,0,793,793,"Ambiguous","Mismatch"
"27483","Native",13,16,"reflexive","tt","reflexive tt",3,0,394,394,"Unambiguous","Match"
"27485","Native",13,8,"reflexive","tt","reflexive tt",3,0,194,194,"Unambiguous","Match"
"27487","Native",13,14,"reflexive","tt","reflexive tt",1,0,120,120,"Ambiguous","Match"
"27489","Native",13,3,"reflexive","tt","reflexive tt",2,0,244,244,"Ambiguous","Mismatch"
"27491","Native",13,2,"reflexive","tt","reflexive tt",1,0,215,215,"Ambiguous","Match"
"27493","Native",13,23,"reflexive","tt","reflexive tt",2,0,246,246,"Ambiguous","Mismatch"
"27495","Native",13,19,"reflexive","tt","reflexive tt",2,0,389,389,"Ambiguous","Mismatch"
"27497","Native",13,11,"reflexive","tt","reflexive tt",2,0,149,149,"Ambiguous","Mismatch"
"27499","Native",13,6,"reflexive","tt","reflexive tt",1,1,0,NA,"Ambiguous","Match"
"27501","Native",13,1,"reflexive","tt","reflexive tt",4,0,292,292,"Unambiguous","Mismatch"
"27503","Native",13,21,"reflexive","tt","reflexive tt",4,1,0,NA,"Unambiguous","Mismatch"
"27505","Native",14,10,"reflexive","tt","reflexive tt",2,0,780,780,"Ambiguous","Mismatch"
"27507","Native",14,5,"reflexive","tt","reflexive tt",1,0,573,573,"Ambiguous","Match"
"27509","Native",14,21,"reflexive","tt","reflexive tt",1,0,162,162,"Ambiguous","Match"
"27511","Native",14,12,"reflexive","tt","reflexive tt",4,0,759,759,"Unambiguous","Mismatch"
"27513","Native",14,20,"reflexive","tt","reflexive tt",4,0,562,562,"Unambiguous","Mismatch"
"27515","Native",14,3,"reflexive","tt","reflexive tt",3,0,415,415,"Unambiguous","Match"
"27517","Native",14,11,"reflexive","tt","reflexive tt",3,0,277,277,"Unambiguous","Match"
"27519","Native",14,23,"reflexive","tt","reflexive tt",3,0,115,115,"Unambiguous","Match"
"27521","Native",14,13,"reflexive","tt","reflexive tt",1,0,166,166,"Ambiguous","Match"
"27523","Native",14,19,"reflexive","tt","reflexive tt",3,1,0,NA,"Unambiguous","Match"
"27525","Native",14,22,"reflexive","tt","reflexive tt",2,0,1066,1066,"Ambiguous","Mismatch"
"27527","Native",14,1,"reflexive","tt","reflexive tt",1,0,192,192,"Ambiguous","Match"
"27529","Native",14,17,"reflexive","tt","reflexive tt",1,0,521,521,"Ambiguous","Match"
"27531","Native",14,4,"reflexive","tt","reflexive tt",4,0,567,567,"Unambiguous","Mismatch"
"27533","Native",14,9,"reflexive","tt","reflexive tt",1,0,113,113,"Ambiguous","Match"
"27535","Native",14,6,"reflexive","tt","reflexive tt",2,0,936,936,"Ambiguous","Mismatch"
"27537","Native",14,2,"reflexive","tt","reflexive tt",2,0,359,359,"Ambiguous","Mismatch"
"27539","Native",14,14,"reflexive","tt","reflexive tt",2,0,656,656,"Ambiguous","Mismatch"
"27541","Native",14,15,"reflexive","tt","reflexive tt",3,0,339,339,"Unambiguous","Match"
"27543","Native",14,18,"reflexive","tt","reflexive tt",2,0,259,259,"Ambiguous","Mismatch"
"27545","Native",14,16,"reflexive","tt","reflexive tt",4,0,430,430,"Unambiguous","Mismatch"
"27547","Native",14,7,"reflexive","tt","reflexive tt",3,0,139,139,"Unambiguous","Match"
"27549","Native",14,8,"reflexive","tt","reflexive tt",4,0,1154,1154,"Unambiguous","Mismatch"
"27551","Native",14,24,"reflexive","tt","reflexive tt",4,0,633,633,"Unambiguous","Mismatch"
"27554","Native",15,16,"reflexive","tt","reflexive tt",1,0,346,346,"Ambiguous","Match"
"27556","Native",15,4,"reflexive","tt","reflexive tt",1,0,264,264,"Ambiguous","Match"
"27558","Native",15,22,"reflexive","tt","reflexive tt",3,0,158,158,"Unambiguous","Match"
"27560","Native",15,13,"reflexive","tt","reflexive tt",2,0,882,882,"Ambiguous","Mismatch"
"27562","Native",15,21,"reflexive","tt","reflexive tt",2,0,1018,1018,"Ambiguous","Mismatch"
"27564","Native",15,23,"reflexive","tt","reflexive tt",4,0,497,497,"Unambiguous","Mismatch"
"27566","Native",15,9,"reflexive","tt","reflexive tt",2,0,688,688,"Ambiguous","Mismatch"
"27568","Native",15,7,"reflexive","tt","reflexive tt",4,0,568,568,"Unambiguous","Mismatch"
"27570","Native",15,8,"reflexive","tt","reflexive tt",1,0,538,538,"Ambiguous","Match"
"27572","Native",15,6,"reflexive","tt","reflexive tt",3,0,345,345,"Unambiguous","Match"
"27574","Native",15,2,"reflexive","tt","reflexive tt",3,0,184,184,"Unambiguous","Match"
"27576","Native",15,11,"reflexive","tt","reflexive tt",4,0,561,561,"Unambiguous","Mismatch"
"27578","Native",15,19,"reflexive","tt","reflexive tt",4,0,411,411,"Unambiguous","Mismatch"
"27580","Native",15,10,"reflexive","tt","reflexive tt",3,0,245,245,"Unambiguous","Match"
"27582","Native",15,3,"reflexive","tt","reflexive tt",4,0,307,307,"Unambiguous","Mismatch"
"27584","Native",15,1,"reflexive","tt","reflexive tt",2,0,296,296,"Ambiguous","Mismatch"
"27586","Native",15,17,"reflexive","tt","reflexive tt",2,1,0,NA,"Ambiguous","Mismatch"
"27588","Native",15,12,"reflexive","tt","reflexive tt",1,0,352,352,"Ambiguous","Match"
"27590","Native",15,18,"reflexive","tt","reflexive tt",3,0,193,193,"Unambiguous","Match"
"27592","Native",15,15,"reflexive","tt","reflexive tt",4,0,936,936,"Unambiguous","Mismatch"
"27594","Native",15,20,"reflexive","tt","reflexive tt",1,0,196,196,"Ambiguous","Match"
"27596","Native",15,5,"reflexive","tt","reflexive tt",2,0,489,489,"Ambiguous","Mismatch"
"27598","Native",15,14,"reflexive","tt","reflexive tt",3,0,497,497,"Unambiguous","Match"
"27600","Native",15,24,"reflexive","tt","reflexive tt",1,0,410,410,"Ambiguous","Match"
"27602","Native",16,3,"reflexive","tt","reflexive tt",1,0,204,204,"Ambiguous","Match"
"27604","Native",16,10,"reflexive","tt","reflexive tt",4,0,376,376,"Unambiguous","Mismatch"
"27606","Native",16,18,"reflexive","tt","reflexive tt",4,0,706,706,"Unambiguous","Mismatch"
"27608","Native",16,12,"reflexive","tt","reflexive tt",2,0,417,417,"Ambiguous","Mismatch"
"27610","Native",16,22,"reflexive","tt","reflexive tt",4,0,404,404,"Unambiguous","Mismatch"
"27612","Native",16,13,"reflexive","tt","reflexive tt",3,0,357,357,"Unambiguous","Match"
"27614","Native",16,24,"reflexive","tt","reflexive tt",2,0,576,576,"Ambiguous","Mismatch"
"27616","Native",16,21,"reflexive","tt","reflexive tt",3,0,189,189,"Unambiguous","Match"
"27618","Native",16,4,"reflexive","tt","reflexive tt",2,0,257,257,"Ambiguous","Mismatch"
"27620","Native",16,15,"reflexive","tt","reflexive tt",1,0,458,458,"Ambiguous","Match"
"27622","Native",16,14,"reflexive","tt","reflexive tt",4,0,711,711,"Unambiguous","Mismatch"
"27624","Native",16,16,"reflexive","tt","reflexive tt",2,0,611,611,"Ambiguous","Mismatch"
"27626","Native",16,7,"reflexive","tt","reflexive tt",1,0,132,132,"Ambiguous","Match"
"27628","Native",16,11,"reflexive","tt","reflexive tt",1,0,320,320,"Ambiguous","Match"
"27630","Native",16,9,"reflexive","tt","reflexive tt",3,0,228,228,"Unambiguous","Match"
"27632","Native",16,19,"reflexive","tt","reflexive tt",1,0,154,154,"Ambiguous","Match"
"27634","Native",16,20,"reflexive","tt","reflexive tt",2,0,182,182,"Ambiguous","Mismatch"
"27636","Native",16,8,"reflexive","tt","reflexive tt",2,0,192,192,"Ambiguous","Mismatch"
"27638","Native",16,6,"reflexive","tt","reflexive tt",4,0,290,290,"Unambiguous","Mismatch"
"27640","Native",16,5,"reflexive","tt","reflexive tt",3,0,457,457,"Unambiguous","Match"
"27642","Native",16,17,"reflexive","tt","reflexive tt",3,0,199,199,"Unambiguous","Match"
"27644","Native",16,23,"reflexive","tt","reflexive tt",1,1,0,NA,"Ambiguous","Match"
"27646","Native",16,2,"reflexive","tt","reflexive tt",4,0,296,296,"Unambiguous","Mismatch"
"27648","Native",16,1,"reflexive","tt","reflexive tt",3,1,0,NA,"Unambiguous","Match"
"27650","Native",17,10,"reflexive","tt","reflexive tt",1,0,621,621,"Ambiguous","Match"
"27652","Native",17,11,"reflexive","tt","reflexive tt",2,0,134,134,"Ambiguous","Mismatch"
"27654","Native",17,12,"reflexive","tt","reflexive tt",3,0,658,658,"Unambiguous","Match"
"27656","Native",17,16,"reflexive","tt","reflexive tt",3,0,248,248,"Unambiguous","Match"
"27658","Native",17,8,"reflexive","tt","reflexive tt",3,0,426,426,"Unambiguous","Match"
"27660","Native",17,14,"reflexive","tt","reflexive tt",1,0,129,129,"Ambiguous","Match"
"27662","Native",17,17,"reflexive","tt","reflexive tt",4,0,212,212,"Unambiguous","Mismatch"
"27664","Native",17,15,"reflexive","tt","reflexive tt",2,0,292,292,"Ambiguous","Mismatch"
"27666","Native",17,6,"reflexive","tt","reflexive tt",1,1,0,NA,"Ambiguous","Match"
"27668","Native",17,2,"reflexive","tt","reflexive tt",1,0,301,301,"Ambiguous","Match"
"27670","Native",17,4,"reflexive","tt","reflexive tt",3,0,291,291,"Unambiguous","Match"
"27672","Native",17,13,"reflexive","tt","reflexive tt",4,0,480,480,"Unambiguous","Mismatch"
"27674","Native",17,5,"reflexive","tt","reflexive tt",4,0,310,310,"Unambiguous","Mismatch"
"27676","Native",17,7,"reflexive","tt","reflexive tt",2,0,226,226,"Ambiguous","Mismatch"
"27678","Native",17,9,"reflexive","tt","reflexive tt",4,0,368,368,"Unambiguous","Mismatch"
"27680","Native",17,3,"reflexive","tt","reflexive tt",2,0,224,224,"Ambiguous","Mismatch"
"27682","Native",17,21,"reflexive","tt","reflexive tt",4,0,367,367,"Unambiguous","Mismatch"
"27684","Native",17,19,"reflexive","tt","reflexive tt",2,0,452,452,"Ambiguous","Mismatch"
"27686","Native",17,18,"reflexive","tt","reflexive tt",1,0,241,241,"Ambiguous","Match"
"27688","Native",17,20,"reflexive","tt","reflexive tt",3,0,235,235,"Unambiguous","Match"
"27690","Native",17,1,"reflexive","tt","reflexive tt",4,0,826,826,"Unambiguous","Mismatch"
"27692","Native",17,24,"reflexive","tt","reflexive tt",3,0,182,182,"Unambiguous","Match"
"27694","Native",17,23,"reflexive","tt","reflexive tt",2,0,1638,1638,"Ambiguous","Mismatch"
"27696","Native",17,22,"reflexive","tt","reflexive tt",1,0,546,546,"Ambiguous","Match"
"27697","Native",18,8,"reflexive","tt","reflexive tt",4,0,167,167,"Unambiguous","Mismatch"
"27699","Native",18,6,"reflexive","tt","reflexive tt",2,1,0,NA,"Ambiguous","Mismatch"
"27701","Native",18,23,"reflexive","tt","reflexive tt",3,0,323,323,"Unambiguous","Match"
"27703","Native",18,12,"reflexive","tt","reflexive tt",4,0,879,879,"Unambiguous","Mismatch"
"27705","Native",18,9,"reflexive","tt","reflexive tt",1,0,213,213,"Ambiguous","Match"
"27707","Native",18,17,"reflexive","tt","reflexive tt",1,1,0,NA,"Ambiguous","Match"
"27709","Native",18,13,"reflexive","tt","reflexive tt",1,0,165,165,"Ambiguous","Match"
"27711","Native",18,19,"reflexive","tt","reflexive tt",3,1,0,NA,"Unambiguous","Match"
"27713","Native",18,5,"reflexive","tt","reflexive tt",1,0,331,331,"Ambiguous","Match"
"27715","Native",18,20,"reflexive","tt","reflexive tt",4,0,344,344,"Unambiguous","Mismatch"
"27717","Native",18,16,"reflexive","tt","reflexive tt",4,0,150,150,"Unambiguous","Mismatch"
"27719","Native",18,4,"reflexive","tt","reflexive tt",4,0,462,462,"Unambiguous","Mismatch"
"27721","Native",18,18,"reflexive","tt","reflexive tt",2,0,687,687,"Ambiguous","Mismatch"
"27723","Native",18,11,"reflexive","tt","reflexive tt",3,1,0,NA,"Unambiguous","Match"
"27725","Native",18,2,"reflexive","tt","reflexive tt",2,0,264,264,"Ambiguous","Mismatch"
"27727","Native",18,1,"reflexive","tt","reflexive tt",1,0,235,235,"Ambiguous","Match"
"27729","Native",18,21,"reflexive","tt","reflexive tt",1,0,123,123,"Ambiguous","Match"
"27731","Native",18,10,"reflexive","tt","reflexive tt",2,0,171,171,"Ambiguous","Mismatch"
"27733","Native",18,14,"reflexive","tt","reflexive tt",2,0,135,135,"Ambiguous","Mismatch"
"27735","Native",18,15,"reflexive","tt","reflexive tt",3,0,333,333,"Unambiguous","Match"
"27737","Native",18,22,"reflexive","tt","reflexive tt",2,0,390,390,"Ambiguous","Mismatch"
"27739","Native",18,7,"reflexive","tt","reflexive tt",3,1,0,NA,"Unambiguous","Match"
"27741","Native",18,24,"reflexive","tt","reflexive tt",4,0,142,142,"Unambiguous","Mismatch"
"27743","Native",18,3,"reflexive","tt","reflexive tt",3,0,312,312,"Unambiguous","Match"
"27745","Native",19,14,"reflexive","tt","reflexive tt",3,0,258,258,"Unambiguous","Match"
"27747","Native",19,3,"reflexive","tt","reflexive tt",4,0,737,737,"Unambiguous","Mismatch"
"27749","Native",19,17,"reflexive","tt","reflexive tt",2,0,142,142,"Ambiguous","Mismatch"
"27751","Native",19,24,"reflexive","tt","reflexive tt",1,0,409,409,"Ambiguous","Match"
"27753","Native",19,19,"reflexive","tt","reflexive tt",4,0,286,286,"Unambiguous","Mismatch"
"27755","Native",19,22,"reflexive","tt","reflexive tt",3,0,615,615,"Unambiguous","Match"
"27757","Native",19,21,"reflexive","tt","reflexive tt",2,0,205,205,"Ambiguous","Mismatch"
"27759","Native",19,15,"reflexive","tt","reflexive tt",4,0,271,271,"Unambiguous","Mismatch"
"27761","Native",19,7,"reflexive","tt","reflexive tt",4,0,670,670,"Unambiguous","Mismatch"
"27763","Native",19,6,"reflexive","tt","reflexive tt",3,0,401,401,"Unambiguous","Match"
"27765","Native",19,1,"reflexive","tt","reflexive tt",2,0,205,205,"Ambiguous","Mismatch"
"27767","Native",19,8,"reflexive","tt","reflexive tt",1,0,490,490,"Ambiguous","Match"
"27769","Native",19,23,"reflexive","tt","reflexive tt",4,0,558,558,"Unambiguous","Mismatch"
"27771","Native",19,16,"reflexive","tt","reflexive tt",1,0,95,95,"Ambiguous","Match"
"27773","Native",19,13,"reflexive","tt","reflexive tt",2,0,125,125,"Ambiguous","Mismatch"
"27775","Native",19,9,"reflexive","tt","reflexive tt",2,0,688,688,"Ambiguous","Mismatch"
"27777","Native",19,2,"reflexive","tt","reflexive tt",3,0,313,313,"Unambiguous","Match"
"27779","Native",19,10,"reflexive","tt","reflexive tt",3,0,598,598,"Unambiguous","Match"
"27781","Native",19,20,"reflexive","tt","reflexive tt",1,0,167,167,"Ambiguous","Match"
"27783","Native",19,5,"reflexive","tt","reflexive tt",2,0,207,207,"Ambiguous","Mismatch"
"27785","Native",19,11,"reflexive","tt","reflexive tt",4,0,255,255,"Unambiguous","Mismatch"
"27787","Native",19,18,"reflexive","tt","reflexive tt",3,0,457,457,"Unambiguous","Match"
"27789","Native",19,4,"reflexive","tt","reflexive tt",1,0,405,405,"Ambiguous","Match"
"27791","Native",19,12,"reflexive","tt","reflexive tt",1,0,137,137,"Ambiguous","Match"
"27794","Native",20,21,"reflexive","tt","reflexive tt",3,0,531,531,"Unambiguous","Match"
"27796","Native",20,20,"reflexive","tt","reflexive tt",2,0,838,838,"Ambiguous","Mismatch"
"27798","Native",20,22,"reflexive","tt","reflexive tt",4,0,186,186,"Unambiguous","Mismatch"
"27800","Native",20,12,"reflexive","tt","reflexive tt",2,0,378,378,"Ambiguous","Mismatch"
"27802","Native",20,11,"reflexive","tt","reflexive tt",1,0,142,142,"Ambiguous","Match"
"27804","Native",20,5,"reflexive","tt","reflexive tt",3,0,369,369,"Unambiguous","Match"
"27806","Native",20,1,"reflexive","tt","reflexive tt",3,0,161,161,"Unambiguous","Match"
"27808","Native",20,23,"reflexive","tt","reflexive tt",1,0,441,441,"Ambiguous","Match"
"27810","Native",20,9,"reflexive","tt","reflexive tt",3,0,154,154,"Unambiguous","Match"
"27812","Native",20,14,"reflexive","tt","reflexive tt",4,0,143,143,"Unambiguous","Mismatch"
"27814","Native",20,17,"reflexive","tt","reflexive tt",3,0,163,163,"Unambiguous","Match"
"27816","Native",20,19,"reflexive","tt","reflexive tt",1,0,159,159,"Ambiguous","Match"
"27818","Native",20,24,"reflexive","tt","reflexive tt",2,0,156,156,"Ambiguous","Mismatch"
"27820","Native",20,13,"reflexive","tt","reflexive tt",3,0,159,159,"Unambiguous","Match"
"27822","Native",20,4,"reflexive","tt","reflexive tt",2,0,146,146,"Ambiguous","Mismatch"
"27824","Native",20,10,"reflexive","tt","reflexive tt",4,0,537,537,"Unambiguous","Mismatch"
"27826","Native",20,18,"reflexive","tt","reflexive tt",4,1,0,NA,"Unambiguous","Mismatch"
"27828","Native",20,7,"reflexive","tt","reflexive tt",1,0,155,155,"Ambiguous","Match"
"27830","Native",20,15,"reflexive","tt","reflexive tt",1,0,164,164,"Ambiguous","Match"
"27832","Native",20,8,"reflexive","tt","reflexive tt",2,1,0,NA,"Ambiguous","Mismatch"
"27834","Native",20,16,"reflexive","tt","reflexive tt",2,0,179,179,"Ambiguous","Mismatch"
"27836","Native",20,6,"reflexive","tt","reflexive tt",4,0,328,328,"Unambiguous","Mismatch"
"27838","Native",20,3,"reflexive","tt","reflexive tt",1,0,510,510,"Ambiguous","Match"
"27840","Native",20,2,"reflexive","tt","reflexive tt",4,0,158,158,"Unambiguous","Mismatch"
"27841","Native",21,22,"reflexive","tt","reflexive tt",1,0,176,176,"Ambiguous","Match"
"27843","Native",21,19,"reflexive","tt","reflexive tt",2,0,178,178,"Ambiguous","Mismatch"
"27845","Native",21,5,"reflexive","tt","reflexive tt",4,0,278,278,"Unambiguous","Mismatch"
"27847","Native",21,15,"reflexive","tt","reflexive tt",2,0,434,434,"Ambiguous","Mismatch"
"27849","Native",21,2,"reflexive","tt","reflexive tt",1,0,350,350,"Ambiguous","Match"
"27851","Native",21,13,"reflexive","tt","reflexive tt",4,0,224,224,"Unambiguous","Mismatch"
"27853","Native",21,9,"reflexive","tt","reflexive tt",4,0,308,308,"Unambiguous","Mismatch"
"27855","Native",21,14,"reflexive","tt","reflexive tt",1,0,202,202,"Ambiguous","Match"
"27857","Native",21,21,"reflexive","tt","reflexive tt",4,0,292,292,"Unambiguous","Mismatch"
"27859","Native",21,8,"reflexive","tt","reflexive tt",3,0,482,482,"Unambiguous","Match"
"27861","Native",21,17,"reflexive","tt","reflexive tt",4,0,342,342,"Unambiguous","Mismatch"
"27863","Native",21,1,"reflexive","tt","reflexive tt",4,0,164,164,"Unambiguous","Mismatch"
"27865","Native",21,20,"reflexive","tt","reflexive tt",3,0,182,182,"Unambiguous","Match"
"27867","Native",21,7,"reflexive","tt","reflexive tt",2,1,0,NA,"Ambiguous","Mismatch"
"27869","Native",21,4,"reflexive","tt","reflexive tt",3,0,184,184,"Unambiguous","Match"
"27871","Native",21,10,"reflexive","tt","reflexive tt",1,1,0,NA,"Ambiguous","Match"
"27873","Native",21,16,"reflexive","tt","reflexive tt",3,0,244,244,"Unambiguous","Match"
"27875","Native",21,23,"reflexive","tt","reflexive tt",2,0,180,180,"Ambiguous","Mismatch"
"27877","Native",21,18,"reflexive","tt","reflexive tt",1,0,296,296,"Ambiguous","Match"
"27879","Native",21,11,"reflexive","tt","reflexive tt",2,1,0,NA,"Ambiguous","Mismatch"
"27881","Native",21,3,"reflexive","tt","reflexive tt",2,0,230,230,"Ambiguous","Mismatch"
"27883","Native",21,24,"reflexive","tt","reflexive tt",3,0,376,376,"Unambiguous","Match"
"27885","Native",21,12,"reflexive","tt","reflexive tt",3,1,0,NA,"Unambiguous","Match"
"27887","Native",21,6,"reflexive","tt","reflexive tt",1,1,0,NA,"Ambiguous","Match"
"27889","Native",22,22,"reflexive","tt","reflexive tt",2,0,338,338,"Ambiguous","Mismatch"
"27891","Native",22,18,"reflexive","tt","reflexive tt",2,0,184,184,"Ambiguous","Mismatch"
"27893","Native",22,8,"reflexive","tt","reflexive tt",4,0,335,335,"Unambiguous","Mismatch"
"27895","Native",22,4,"reflexive","tt","reflexive tt",4,0,755,755,"Unambiguous","Mismatch"
"27897","Native",22,9,"reflexive","tt","reflexive tt",1,0,152,152,"Ambiguous","Match"
"27899","Native",22,5,"reflexive","tt","reflexive tt",1,0,180,180,"Ambiguous","Match"
"27901","Native",22,2,"reflexive","tt","reflexive tt",2,0,241,241,"Ambiguous","Mismatch"
"27903","Native",22,15,"reflexive","tt","reflexive tt",3,0,181,181,"Unambiguous","Match"
"27905","Native",22,19,"reflexive","tt","reflexive tt",3,0,172,172,"Unambiguous","Match"
"27907","Native",22,3,"reflexive","tt","reflexive tt",3,0,151,151,"Unambiguous","Match"
"27909","Native",22,6,"reflexive","tt","reflexive tt",2,0,154,154,"Ambiguous","Mismatch"
"27911","Native",22,1,"reflexive","tt","reflexive tt",1,0,176,176,"Ambiguous","Match"
"27913","Native",22,13,"reflexive","tt","reflexive tt",1,0,166,166,"Ambiguous","Match"
"27915","Native",22,14,"reflexive","tt","reflexive tt",2,0,179,179,"Ambiguous","Mismatch"
"27917","Native",22,12,"reflexive","tt","reflexive tt",4,0,284,284,"Unambiguous","Mismatch"
"27919","Native",22,11,"reflexive","tt","reflexive tt",3,0,174,174,"Unambiguous","Match"
"27921","Native",22,24,"reflexive","tt","reflexive tt",4,1,0,NA,"Unambiguous","Mismatch"
"27923","Native",22,20,"reflexive","tt","reflexive tt",4,0,165,165,"Unambiguous","Mismatch"
"27925","Native",22,17,"reflexive","tt","reflexive tt",1,0,195,195,"Ambiguous","Match"
"27927","Native",22,7,"reflexive","tt","reflexive tt",3,0,203,203,"Unambiguous","Match"
"27929","Native",22,21,"reflexive","tt","reflexive tt",1,0,617,617,"Ambiguous","Match"
"27931","Native",22,10,"reflexive","tt","reflexive tt",2,0,292,292,"Ambiguous","Mismatch"
"27933","Native",22,16,"reflexive","tt","reflexive tt",4,0,209,209,"Unambiguous","Mismatch"
"27935","Native",22,23,"reflexive","tt","reflexive tt",3,0,254,254,"Unambiguous","Match"
"27937","Native",23,9,"reflexive","tt","reflexive tt",3,0,196,196,"Unambiguous","Match"
"27939","Native",23,11,"reflexive","tt","reflexive tt",1,0,173,173,"Ambiguous","Match"
"27941","Native",23,13,"reflexive","tt","reflexive tt",3,0,711,711,"Unambiguous","Match"
"27943","Native",23,16,"reflexive","tt","reflexive tt",2,0,197,197,"Ambiguous","Mismatch"
"27945","Native",23,19,"reflexive","tt","reflexive tt",1,0,504,504,"Ambiguous","Match"
"27947","Native",23,23,"reflexive","tt","reflexive tt",1,0,517,517,"Ambiguous","Match"
"27949","Native",23,22,"reflexive","tt","reflexive tt",4,0,189,189,"Unambiguous","Mismatch"
"27951","Native",23,20,"reflexive","tt","reflexive tt",2,0,162,162,"Ambiguous","Mismatch"
"27953","Native",23,5,"reflexive","tt","reflexive tt",3,0,760,760,"Unambiguous","Match"
"27955","Native",23,14,"reflexive","tt","reflexive tt",4,0,433,433,"Unambiguous","Mismatch"
"27957","Native",23,1,"reflexive","tt","reflexive tt",3,0,158,158,"Unambiguous","Match"
"27959","Native",23,8,"reflexive","tt","reflexive tt",2,0,301,301,"Ambiguous","Mismatch"
"27961","Native",23,21,"reflexive","tt","reflexive tt",3,0,517,517,"Unambiguous","Match"
"27963","Native",23,4,"reflexive","tt","reflexive tt",2,0,185,185,"Ambiguous","Mismatch"
"27965","Native",23,7,"reflexive","tt","reflexive tt",1,1,0,NA,"Ambiguous","Match"
"27967","Native",23,6,"reflexive","tt","reflexive tt",4,1,0,NA,"Unambiguous","Mismatch"
"27969","Native",23,24,"reflexive","tt","reflexive tt",2,0,216,216,"Ambiguous","Mismatch"
"27971","Native",23,3,"reflexive","tt","reflexive tt",1,0,157,157,"Ambiguous","Match"
"27973","Native",23,17,"reflexive","tt","reflexive tt",3,0,163,163,"Unambiguous","Match"
"27975","Native",23,10,"reflexive","tt","reflexive tt",4,1,0,NA,"Unambiguous","Mismatch"
"27977","Native",23,18,"reflexive","tt","reflexive tt",4,0,960,960,"Unambiguous","Mismatch"
"27979","Native",23,2,"reflexive","tt","reflexive tt",4,0,175,175,"Unambiguous","Mismatch"
"27981","Native",23,15,"reflexive","tt","reflexive tt",1,0,109,109,"Ambiguous","Match"
"27983","Native",23,12,"reflexive","tt","reflexive tt",2,0,174,174,"Ambiguous","Mismatch"
"27985","Native",24,3,"reflexive","tt","reflexive tt",4,0,235,235,"Unambiguous","Mismatch"
"27987","Native",24,7,"reflexive","tt","reflexive tt",4,0,227,227,"Unambiguous","Mismatch"
"27989","Native",24,22,"reflexive","tt","reflexive tt",3,0,184,184,"Unambiguous","Match"
"27991","Native",24,6,"reflexive","tt","reflexive tt",3,0,190,190,"Unambiguous","Match"
"27993","Native",24,12,"reflexive","tt","reflexive tt",1,0,189,189,"Ambiguous","Match"
"27995","Native",24,18,"reflexive","tt","reflexive tt",3,0,207,207,"Unambiguous","Match"
"27997","Native",24,9,"reflexive","tt","reflexive tt",2,0,957,957,"Ambiguous","Mismatch"
"27999","Native",24,24,"reflexive","tt","reflexive tt",1,0,384,384,"Ambiguous","Match"
"28001","Native",24,1,"reflexive","tt","reflexive tt",2,0,226,226,"Ambiguous","Mismatch"
"28003","Native",24,13,"reflexive","tt","reflexive tt",2,0,513,513,"Ambiguous","Mismatch"
"28005","Native",24,19,"reflexive","tt","reflexive tt",4,0,428,428,"Unambiguous","Mismatch"
"28007","Native",24,5,"reflexive","tt","reflexive tt",2,0,297,297,"Ambiguous","Mismatch"
"28009","Native",24,14,"reflexive","tt","reflexive tt",3,0,204,204,"Unambiguous","Match"
"28011","Native",24,20,"reflexive","tt","reflexive tt",1,0,186,186,"Ambiguous","Match"
"28013","Native",24,4,"reflexive","tt","reflexive tt",1,0,183,183,"Ambiguous","Match"
"28015","Native",24,21,"reflexive","tt","reflexive tt",2,0,302,302,"Ambiguous","Mismatch"
"28017","Native",24,16,"reflexive","tt","reflexive tt",1,0,248,248,"Ambiguous","Match"
"28019","Native",24,15,"reflexive","tt","reflexive tt",4,0,267,267,"Unambiguous","Mismatch"
"28021","Native",24,2,"reflexive","tt","reflexive tt",3,0,484,484,"Unambiguous","Match"
"28023","Native",24,11,"reflexive","tt","reflexive tt",4,0,636,636,"Unambiguous","Mismatch"
"28025","Native",24,10,"reflexive","tt","reflexive tt",3,0,196,196,"Unambiguous","Match"
"28027","Native",24,8,"reflexive","tt","reflexive tt",1,0,178,178,"Ambiguous","Match"
"28029","Native",24,17,"reflexive","tt","reflexive tt",2,0,384,384,"Ambiguous","Mismatch"
"28031","Native",24,23,"reflexive","tt","reflexive tt",4,0,554,554,"Unambiguous","Mismatch"
"28033","Native",25,16,"reflexive","tt","reflexive tt",2,0,513,513,"Ambiguous","Mismatch"
"28035","Native",25,21,"reflexive","tt","reflexive tt",3,0,379,379,"Unambiguous","Match"
"28037","Native",25,10,"reflexive","tt","reflexive tt",4,0,870,870,"Unambiguous","Mismatch"
"28039","Native",25,6,"reflexive","tt","reflexive tt",4,0,1034,1034,"Unambiguous","Mismatch"
"28041","Native",25,1,"reflexive","tt","reflexive tt",3,0,347,347,"Unambiguous","Match"
"28043","Native",25,23,"reflexive","tt","reflexive tt",1,0,487,487,"Ambiguous","Match"
"28045","Native",25,19,"reflexive","tt","reflexive tt",1,0,595,595,"Ambiguous","Match"
"28047","Native",25,20,"reflexive","tt","reflexive tt",2,0,200,200,"Ambiguous","Mismatch"
"28049","Native",25,9,"reflexive","tt","reflexive tt",3,0,367,367,"Unambiguous","Match"
"28051","Native",25,15,"reflexive","tt","reflexive tt",1,0,121,121,"Ambiguous","Match"
"28053","Native",25,12,"reflexive","tt","reflexive tt",2,0,265,265,"Ambiguous","Mismatch"
"28055","Native",25,13,"reflexive","tt","reflexive tt",3,0,173,173,"Unambiguous","Match"
"28057","Native",25,8,"reflexive","tt","reflexive tt",2,0,625,625,"Ambiguous","Mismatch"
"28059","Native",25,17,"reflexive","tt","reflexive tt",3,1,0,NA,"Unambiguous","Match"
"28061","Native",25,5,"reflexive","tt","reflexive tt",3,1,0,NA,"Unambiguous","Match"
"28063","Native",25,18,"reflexive","tt","reflexive tt",4,0,648,648,"Unambiguous","Mismatch"
"28065","Native",25,24,"reflexive","tt","reflexive tt",2,0,211,211,"Ambiguous","Mismatch"
"28067","Native",25,14,"reflexive","tt","reflexive tt",4,0,366,366,"Unambiguous","Mismatch"
"28069","Native",25,7,"reflexive","tt","reflexive tt",1,0,930,930,"Ambiguous","Match"
"28071","Native",25,2,"reflexive","tt","reflexive tt",4,0,285,285,"Unambiguous","Mismatch"
"28073","Native",25,4,"reflexive","tt","reflexive tt",2,0,178,178,"Ambiguous","Mismatch"
"28075","Native",25,3,"reflexive","tt","reflexive tt",1,0,164,164,"Ambiguous","Match"
"28077","Native",25,22,"reflexive","tt","reflexive tt",4,0,166,166,"Unambiguous","Mismatch"
"28079","Native",25,11,"reflexive","tt","reflexive tt",1,0,271,271,"Ambiguous","Match"
"28082","Native",26,19,"reflexive","tt","reflexive tt",2,0,367,367,"Ambiguous","Mismatch"
"28084","Native",26,2,"reflexive","tt","reflexive tt",1,0,521,521,"Ambiguous","Match"
"28086","Native",26,4,"reflexive","tt","reflexive tt",3,1,0,NA,"Unambiguous","Match"
"28088","Native",26,21,"reflexive","tt","reflexive tt",4,0,146,146,"Unambiguous","Mismatch"
"28090","Native",26,14,"reflexive","tt","reflexive tt",1,1,0,NA,"Ambiguous","Match"
"28092","Native",26,1,"reflexive","tt","reflexive tt",4,0,173,173,"Unambiguous","Mismatch"
"28094","Native",26,13,"reflexive","tt","reflexive tt",4,0,878,878,"Unambiguous","Mismatch"
"28096","Native",26,24,"reflexive","tt","reflexive tt",3,0,429,429,"Unambiguous","Match"
"28098","Native",26,23,"reflexive","tt","reflexive tt",2,1,0,NA,"Ambiguous","Mismatch"
"28100","Native",26,20,"reflexive","tt","reflexive tt",3,0,212,212,"Unambiguous","Match"
"28102","Native",26,9,"reflexive","tt","reflexive tt",4,0,847,847,"Unambiguous","Mismatch"
"28104","Native",26,15,"reflexive","tt","reflexive tt",2,0,558,558,"Ambiguous","Mismatch"
"28106","Native",26,6,"reflexive","tt","reflexive tt",1,0,160,160,"Ambiguous","Match"
"28108","Native",26,8,"reflexive","tt","reflexive tt",3,0,129,129,"Unambiguous","Match"
"28110","Native",26,18,"reflexive","tt","reflexive tt",1,0,155,155,"Ambiguous","Match"
"28112","Native",26,22,"reflexive","tt","reflexive tt",1,0,314,314,"Ambiguous","Match"
"28114","Native",26,10,"reflexive","tt","reflexive tt",1,0,173,173,"Ambiguous","Match"
"28116","Native",26,5,"reflexive","tt","reflexive tt",4,0,303,303,"Unambiguous","Mismatch"
"28118","Native",26,7,"reflexive","tt","reflexive tt",2,0,460,460,"Ambiguous","Mismatch"
"28120","Native",26,17,"reflexive","tt","reflexive tt",4,0,178,178,"Unambiguous","Mismatch"
"28122","Native",26,11,"reflexive","tt","reflexive tt",2,0,366,366,"Ambiguous","Mismatch"
"28124","Native",26,16,"reflexive","tt","reflexive tt",3,1,0,NA,"Unambiguous","Match"
"28126","Native",26,3,"reflexive","tt","reflexive tt",2,1,0,NA,"Ambiguous","Mismatch"
"28128","Native",26,12,"reflexive","tt","reflexive tt",3,1,0,NA,"Unambiguous","Match"
"28130","Native",27,7,"reflexive","tt","reflexive tt",3,0,335,335,"Unambiguous","Match"
"28132","Native",27,2,"reflexive","tt","reflexive tt",2,0,469,469,"Ambiguous","Mismatch"
"28134","Native",27,17,"reflexive","tt","reflexive tt",1,0,137,137,"Ambiguous","Match"
"28136","Native",27,6,"reflexive","tt","reflexive tt",2,0,116,116,"Ambiguous","Mismatch"
"28138","Native",27,11,"reflexive","tt","reflexive tt",3,0,391,391,"Unambiguous","Match"
"28140","Native",27,15,"reflexive","tt","reflexive tt",3,0,152,152,"Unambiguous","Match"
"28142","Native",27,1,"reflexive","tt","reflexive tt",1,0,315,315,"Ambiguous","Match"
"28144","Native",27,12,"reflexive","tt","reflexive tt",4,0,244,244,"Unambiguous","Mismatch"
"28146","Native",27,4,"reflexive","tt","reflexive tt",4,0,216,216,"Unambiguous","Mismatch"
"28148","Native",27,13,"reflexive","tt","reflexive tt",1,0,145,145,"Ambiguous","Match"
"28150","Native",27,23,"reflexive","tt","reflexive tt",3,0,154,154,"Unambiguous","Match"
"28152","Native",27,3,"reflexive","tt","reflexive tt",3,0,282,282,"Unambiguous","Match"
"28154","Native",27,5,"reflexive","tt","reflexive tt",1,0,236,236,"Ambiguous","Match"
"28156","Native",27,18,"reflexive","tt","reflexive tt",2,0,187,187,"Ambiguous","Mismatch"
"28158","Native",27,21,"reflexive","tt","reflexive tt",1,0,409,409,"Ambiguous","Match"
"28160","Native",27,9,"reflexive","tt","reflexive tt",1,0,244,244,"Ambiguous","Match"
"28162","Native",27,20,"reflexive","tt","reflexive tt",4,0,241,241,"Unambiguous","Mismatch"
"28164","Native",27,22,"reflexive","tt","reflexive tt",2,0,1293,1293,"Ambiguous","Mismatch"
"28166","Native",27,14,"reflexive","tt","reflexive tt",2,0,280,280,"Ambiguous","Mismatch"
"28168","Native",27,24,"reflexive","tt","reflexive tt",4,0,197,197,"Unambiguous","Mismatch"
"28170","Native",27,8,"reflexive","tt","reflexive tt",4,0,246,246,"Unambiguous","Mismatch"
"28172","Native",27,10,"reflexive","tt","reflexive tt",2,0,221,221,"Ambiguous","Mismatch"
"28174","Native",27,16,"reflexive","tt","reflexive tt",4,0,600,600,"Unambiguous","Mismatch"
"28176","Native",27,19,"reflexive","tt","reflexive tt",3,0,419,419,"Unambiguous","Match"
"28178","Native",28,1,"reflexive","tt","reflexive tt",2,0,150,150,"Ambiguous","Mismatch"
"28180","Native",28,8,"reflexive","tt","reflexive tt",1,0,368,368,"Ambiguous","Match"
"28182","Native",28,9,"reflexive","tt","reflexive tt",2,0,120,120,"Ambiguous","Mismatch"
"28184","Native",28,13,"reflexive","tt","reflexive tt",2,0,494,494,"Ambiguous","Mismatch"
"28186","Native",28,18,"reflexive","tt","reflexive tt",3,0,176,176,"Unambiguous","Match"
"28188","Native",28,4,"reflexive","tt","reflexive tt",1,0,154,154,"Ambiguous","Match"
"28190","Native",28,12,"reflexive","tt","reflexive tt",1,1,0,NA,"Ambiguous","Match"
"28192","Native",28,7,"reflexive","tt","reflexive tt",4,0,182,182,"Unambiguous","Mismatch"
"28194","Native",28,2,"reflexive","tt","reflexive tt",3,1,0,NA,"Unambiguous","Match"
"28196","Native",28,10,"reflexive","tt","reflexive tt",3,0,182,182,"Unambiguous","Match"
"28198","Native",28,22,"reflexive","tt","reflexive tt",3,0,272,272,"Unambiguous","Match"
"28200","Native",28,17,"reflexive","tt","reflexive tt",2,0,168,168,"Ambiguous","Mismatch"
"28202","Native",28,11,"reflexive","tt","reflexive tt",4,0,304,304,"Unambiguous","Mismatch"
"28204","Native",28,20,"reflexive","tt","reflexive tt",1,0,148,148,"Ambiguous","Match"
"28206","Native",28,15,"reflexive","tt","reflexive tt",4,0,274,274,"Unambiguous","Mismatch"
"28208","Native",28,23,"reflexive","tt","reflexive tt",4,0,262,262,"Unambiguous","Mismatch"
"28210","Native",28,19,"reflexive","tt","reflexive tt",4,1,0,NA,"Unambiguous","Mismatch"
"28212","Native",28,24,"reflexive","tt","reflexive tt",1,0,276,276,"Ambiguous","Match"
"28214","Native",28,5,"reflexive","tt","reflexive tt",2,0,372,372,"Ambiguous","Mismatch"
"28216","Native",28,14,"reflexive","tt","reflexive tt",3,0,154,154,"Unambiguous","Match"
"28218","Native",28,16,"reflexive","tt","reflexive tt",1,0,100,100,"Ambiguous","Match"
"28220","Native",28,3,"reflexive","tt","reflexive tt",4,0,626,626,"Unambiguous","Mismatch"
"28222","Native",28,21,"reflexive","tt","reflexive tt",2,0,164,164,"Ambiguous","Mismatch"
"28224","Native",28,6,"reflexive","tt","reflexive tt",3,1,0,NA,"Unambiguous","Match"
"28225","Native",29,21,"reflexive","tt","reflexive tt",3,0,244,244,"Unambiguous","Match"
"28227","Native",29,19,"reflexive","tt","reflexive tt",1,0,178,178,"Ambiguous","Match"
"28229","Native",29,17,"reflexive","tt","reflexive tt",3,0,694,694,"Unambiguous","Match"
"28231","Native",29,13,"reflexive","tt","reflexive tt",3,0,282,282,"Unambiguous","Match"
"28233","Native",29,2,"reflexive","tt","reflexive tt",4,0,210,210,"Unambiguous","Mismatch"
"28235","Native",29,12,"reflexive","tt","reflexive tt",2,0,204,204,"Ambiguous","Mismatch"
"28237","Native",29,15,"reflexive","tt","reflexive tt",1,0,202,202,"Ambiguous","Match"
"28239","Native",29,4,"reflexive","tt","reflexive tt",2,1,0,NA,"Ambiguous","Mismatch"
"28241","Native",29,24,"reflexive","tt","reflexive tt",2,0,312,312,"Ambiguous","Mismatch"
"28243","Native",29,3,"reflexive","tt","reflexive tt",1,0,338,338,"Ambiguous","Match"
"28245","Native",29,9,"reflexive","tt","reflexive tt",3,0,140,140,"Unambiguous","Match"
"28247","Native",29,7,"reflexive","tt","reflexive tt",1,1,0,NA,"Ambiguous","Match"
"28249","Native",29,11,"reflexive","tt","reflexive tt",1,0,402,402,"Ambiguous","Match"
"28251","Native",29,16,"reflexive","tt","reflexive tt",2,0,244,244,"Ambiguous","Mismatch"
"28253","Native",29,23,"reflexive","tt","reflexive tt",1,0,178,178,"Ambiguous","Match"
"28255","Native",29,14,"reflexive","tt","reflexive tt",4,0,460,460,"Unambiguous","Mismatch"
"28257","Native",29,18,"reflexive","tt","reflexive tt",4,0,230,230,"Unambiguous","Mismatch"
"28259","Native",29,1,"reflexive","tt","reflexive tt",3,0,180,180,"Unambiguous","Match"
"28261","Native",29,22,"reflexive","tt","reflexive tt",4,1,0,NA,"Unambiguous","Mismatch"
"28263","Native",29,8,"reflexive","tt","reflexive tt",2,0,160,160,"Ambiguous","Mismatch"
"28265","Native",29,6,"reflexive","tt","reflexive tt",4,0,182,182,"Unambiguous","Mismatch"
"28267","Native",29,5,"reflexive","tt","reflexive tt",3,0,184,184,"Unambiguous","Match"
"28269","Native",29,20,"reflexive","tt","reflexive tt",2,0,236,236,"Ambiguous","Mismatch"
"28271","Native",29,10,"reflexive","tt","reflexive tt",4,0,230,230,"Unambiguous","Mismatch"
"28273","Native",30,6,"reflexive","tt","reflexive tt",1,0,114,114,"Ambiguous","Match"
"28275","Native",30,13,"reflexive","tt","reflexive tt",4,0,564,564,"Unambiguous","Mismatch"
"28277","Native",30,20,"reflexive","tt","reflexive tt",3,0,436,436,"Unambiguous","Match"
"28279","Native",30,18,"reflexive","tt","reflexive tt",1,0,542,542,"Ambiguous","Match"
"28281","Native",30,5,"reflexive","tt","reflexive tt",4,0,268,268,"Unambiguous","Mismatch"
"28283","Native",30,17,"reflexive","tt","reflexive tt",4,0,900,900,"Unambiguous","Mismatch"
"28285","Native",30,2,"reflexive","tt","reflexive tt",1,0,442,442,"Ambiguous","Match"
"28287","Native",30,11,"reflexive","tt","reflexive tt",2,0,1276,1276,"Ambiguous","Mismatch"
"28289","Native",30,14,"reflexive","tt","reflexive tt",1,0,548,548,"Ambiguous","Match"
"28291","Native",30,4,"reflexive","tt","reflexive tt",3,0,140,140,"Unambiguous","Match"
"28293","Native",30,15,"reflexive","tt","reflexive tt",2,0,926,926,"Ambiguous","Mismatch"
"28295","Native",30,9,"reflexive","tt","reflexive tt",4,0,252,252,"Unambiguous","Mismatch"
"28297","Native",30,10,"reflexive","tt","reflexive tt",1,0,486,486,"Ambiguous","Match"
"28299","Native",30,24,"reflexive","tt","reflexive tt",3,0,164,164,"Unambiguous","Match"
"28301","Native",30,21,"reflexive","tt","reflexive tt",4,0,432,432,"Unambiguous","Mismatch"
"28303","Native",30,19,"reflexive","tt","reflexive tt",2,0,176,176,"Ambiguous","Mismatch"
"28305","Native",30,12,"reflexive","tt","reflexive tt",3,0,158,158,"Unambiguous","Match"
"28307","Native",30,23,"reflexive","tt","reflexive tt",2,0,1022,1022,"Ambiguous","Mismatch"
"28309","Native",30,7,"reflexive","tt","reflexive tt",2,0,420,420,"Ambiguous","Mismatch"
"28311","Native",30,1,"reflexive","tt","reflexive tt",4,0,430,430,"Unambiguous","Mismatch"
"28313","Native",30,8,"reflexive","tt","reflexive tt",3,0,652,652,"Unambiguous","Match"
"28315","Native",30,22,"reflexive","tt","reflexive tt",1,0,634,634,"Ambiguous","Match"
"28317","Native",30,16,"reflexive","tt","reflexive tt",3,0,146,146,"Unambiguous","Match"
"28319","Native",30,3,"reflexive","tt","reflexive tt",2,0,164,164,"Ambiguous","Mismatch"
"28322","Native",31,21,"reflexive","tt","reflexive tt",1,0,202,202,"Ambiguous","Match"
"28324","Native",31,14,"reflexive","tt","reflexive tt",2,0,378,378,"Ambiguous","Mismatch"
"28326","Native",31,16,"reflexive","tt","reflexive tt",4,0,148,148,"Unambiguous","Mismatch"
"28328","Native",31,4,"reflexive","tt","reflexive tt",4,0,910,910,"Unambiguous","Mismatch"
"28330","Native",31,15,"reflexive","tt","reflexive tt",3,0,394,394,"Unambiguous","Match"
"28332","Native",31,1,"reflexive","tt","reflexive tt",1,0,210,210,"Ambiguous","Match"
"28334","Native",31,22,"reflexive","tt","reflexive tt",2,0,832,832,"Ambiguous","Mismatch"
"28336","Native",31,8,"reflexive","tt","reflexive tt",4,0,768,768,"Unambiguous","Mismatch"
"28338","Native",31,13,"reflexive","tt","reflexive tt",1,0,146,146,"Ambiguous","Match"
"28340","Native",31,2,"reflexive","tt","reflexive tt",2,0,504,504,"Ambiguous","Mismatch"
"28342","Native",31,24,"reflexive","tt","reflexive tt",4,0,224,224,"Unambiguous","Mismatch"
"28344","Native",31,5,"reflexive","tt","reflexive tt",1,1,0,NA,"Ambiguous","Match"
"28346","Native",31,10,"reflexive","tt","reflexive tt",2,0,198,198,"Ambiguous","Mismatch"
"28348","Native",31,6,"reflexive","tt","reflexive tt",2,0,496,496,"Ambiguous","Mismatch"
"28350","Native",31,11,"reflexive","tt","reflexive tt",3,0,174,174,"Unambiguous","Match"
"28352","Native",31,23,"reflexive","tt","reflexive tt",3,0,388,388,"Unambiguous","Match"
"28354","Native",31,9,"reflexive","tt","reflexive tt",1,0,156,156,"Ambiguous","Match"
"28356","Native",31,20,"reflexive","tt","reflexive tt",4,0,166,166,"Unambiguous","Mismatch"
"28358","Native",31,7,"reflexive","tt","reflexive tt",3,0,1112,1112,"Unambiguous","Match"
"28360","Native",31,18,"reflexive","tt","reflexive tt",2,0,298,298,"Ambiguous","Mismatch"
"28362","Native",31,3,"reflexive","tt","reflexive tt",3,0,692,692,"Unambiguous","Match"
"28364","Native",31,17,"reflexive","tt","reflexive tt",1,0,298,298,"Ambiguous","Match"
"28366","Native",31,19,"reflexive","tt","reflexive tt",3,0,174,174,"Unambiguous","Match"
"28368","Native",31,12,"reflexive","tt","reflexive tt",4,0,130,130,"Unambiguous","Mismatch"
"28369","Native",32,19,"reflexive","tt","reflexive tt",4,0,674,674,"Unambiguous","Mismatch"
"28371","Native",32,20,"reflexive","tt","reflexive tt",1,0,104,104,"Ambiguous","Match"
"28373","Native",32,9,"reflexive","tt","reflexive tt",2,0,468,468,"Ambiguous","Mismatch"
"28375","Native",32,4,"reflexive","tt","reflexive tt",1,0,102,102,"Ambiguous","Match"
"28377","Native",32,10,"reflexive","tt","reflexive tt",3,0,120,120,"Unambiguous","Match"
"28379","Native",32,12,"reflexive","tt","reflexive tt",1,0,108,108,"Ambiguous","Match"
"28381","Native",32,7,"reflexive","tt","reflexive tt",4,0,290,290,"Unambiguous","Mismatch"
"28383","Native",32,11,"reflexive","tt","reflexive tt",4,1,0,NA,"Unambiguous","Mismatch"
"28385","Native",32,8,"reflexive","tt","reflexive tt",1,0,364,364,"Ambiguous","Match"
"28387","Native",32,18,"reflexive","tt","reflexive tt",3,0,234,234,"Unambiguous","Match"
"28389","Native",32,14,"reflexive","tt","reflexive tt",3,0,276,276,"Unambiguous","Match"
"28391","Native",32,2,"reflexive","tt","reflexive tt",3,0,292,292,"Unambiguous","Match"
"28393","Native",32,15,"reflexive","tt","reflexive tt",4,0,128,128,"Unambiguous","Mismatch"
"28395","Native",32,17,"reflexive","tt","reflexive tt",2,0,560,560,"Ambiguous","Mismatch"
"28397","Native",32,5,"reflexive","tt","reflexive tt",2,0,124,124,"Ambiguous","Mismatch"
"28399","Native",32,22,"reflexive","tt","reflexive tt",3,0,150,150,"Unambiguous","Match"
"28401","Native",32,24,"reflexive","tt","reflexive tt",1,0,324,324,"Ambiguous","Match"
"28403","Native",32,21,"reflexive","tt","reflexive tt",2,0,136,136,"Ambiguous","Mismatch"
"28405","Native",32,1,"reflexive","tt","reflexive tt",2,0,262,262,"Ambiguous","Mismatch"
"28407","Native",32,16,"reflexive","tt","reflexive tt",1,0,146,146,"Ambiguous","Match"
"28409","Native",32,6,"reflexive","tt","reflexive tt",3,0,136,136,"Unambiguous","Match"
"28411","Native",32,13,"reflexive","tt","reflexive tt",2,0,162,162,"Ambiguous","Mismatch"
"28413","Native",32,3,"reflexive","tt","reflexive tt",4,0,144,144,"Unambiguous","Mismatch"
"28415","Native",32,23,"reflexive","tt","reflexive tt",4,0,152,152,"Unambiguous","Mismatch"
"28417","Native",33,4,"reflexive","tt","reflexive tt",2,0,350,350,"Ambiguous","Mismatch"
"28419","Native",33,2,"reflexive","tt","reflexive tt",4,0,492,492,"Unambiguous","Mismatch"
"28421","Native",33,16,"reflexive","tt","reflexive tt",2,0,200,200,"Ambiguous","Mismatch"
"28423","Native",33,11,"reflexive","tt","reflexive tt",1,0,302,302,"Ambiguous","Match"
"28425","Native",33,1,"reflexive","tt","reflexive tt",3,0,370,370,"Unambiguous","Match"
"28427","Native",33,15,"reflexive","tt","reflexive tt",1,0,338,338,"Ambiguous","Match"
"28429","Native",33,23,"reflexive","tt","reflexive tt",1,0,224,224,"Ambiguous","Match"
"28431","Native",33,20,"reflexive","tt","reflexive tt",2,0,360,360,"Ambiguous","Mismatch"
"28433","Native",33,7,"reflexive","tt","reflexive tt",1,0,228,228,"Ambiguous","Match"
"28435","Native",33,3,"reflexive","tt","reflexive tt",1,0,308,308,"Ambiguous","Match"
"28437","Native",33,12,"reflexive","tt","reflexive tt",2,0,366,366,"Ambiguous","Mismatch"
"28439","Native",33,24,"reflexive","tt","reflexive tt",2,0,162,162,"Ambiguous","Mismatch"
"28441","Native",33,14,"reflexive","tt","reflexive tt",4,0,194,194,"Unambiguous","Mismatch"
"28443","Native",33,18,"reflexive","tt","reflexive tt",4,0,304,304,"Unambiguous","Mismatch"
"28445","Native",33,6,"reflexive","tt","reflexive tt",4,0,270,270,"Unambiguous","Mismatch"
"28447","Native",33,21,"reflexive","tt","reflexive tt",3,0,310,310,"Unambiguous","Match"
"28449","Native",33,13,"reflexive","tt","reflexive tt",3,0,202,202,"Unambiguous","Match"
"28451","Native",33,9,"reflexive","tt","reflexive tt",3,0,252,252,"Unambiguous","Match"
"28453","Native",33,10,"reflexive","tt","reflexive tt",4,0,146,146,"Unambiguous","Mismatch"
"28455","Native",33,19,"reflexive","tt","reflexive tt",1,0,194,194,"Ambiguous","Match"
"28457","Native",33,22,"reflexive","tt","reflexive tt",4,0,424,424,"Unambiguous","Mismatch"
"28459","Native",33,8,"reflexive","tt","reflexive tt",2,0,84,84,"Ambiguous","Mismatch"
"28461","Native",33,17,"reflexive","tt","reflexive tt",3,0,170,170,"Unambiguous","Match"
"28463","Native",33,5,"reflexive","tt","reflexive tt",3,0,196,196,"Unambiguous","Match"
"28466","Native",34,16,"reflexive","tt","reflexive tt",3,0,242,242,"Unambiguous","Match"
"28468","Native",34,14,"reflexive","tt","reflexive tt",1,0,405,405,"Ambiguous","Match"
"28470","Native",34,1,"reflexive","tt","reflexive tt",4,0,220,220,"Unambiguous","Mismatch"
"28472","Native",34,24,"reflexive","tt","reflexive tt",3,0,231,231,"Unambiguous","Match"
"28474","Native",34,5,"reflexive","tt","reflexive tt",4,0,805,805,"Unambiguous","Mismatch"
"28476","Native",34,13,"reflexive","tt","reflexive tt",4,0,441,441,"Unambiguous","Mismatch"
"28478","Native",34,3,"reflexive","tt","reflexive tt",2,0,299,299,"Ambiguous","Mismatch"
"28480","Native",34,2,"reflexive","tt","reflexive tt",1,1,0,NA,"Ambiguous","Match"
"28482","Native",34,19,"reflexive","tt","reflexive tt",2,0,197,197,"Ambiguous","Mismatch"
"28484","Native",34,18,"reflexive","tt","reflexive tt",1,0,295,295,"Ambiguous","Match"
"28486","Native",34,22,"reflexive","tt","reflexive tt",1,0,644,644,"Ambiguous","Match"
"28488","Native",34,17,"reflexive","tt","reflexive tt",4,0,226,226,"Unambiguous","Mismatch"
"28490","Native",34,4,"reflexive","tt","reflexive tt",3,0,203,203,"Unambiguous","Match"
"28492","Native",34,20,"reflexive","tt","reflexive tt",3,0,207,207,"Unambiguous","Match"
"28494","Native",34,7,"reflexive","tt","reflexive tt",2,0,291,291,"Ambiguous","Mismatch"
"28496","Native",34,11,"reflexive","tt","reflexive tt",2,0,538,538,"Ambiguous","Mismatch"
"28498","Native",34,8,"reflexive","tt","reflexive tt",3,0,260,260,"Unambiguous","Match"
"28500","Native",34,21,"reflexive","tt","reflexive tt",4,0,1446,1446,"Unambiguous","Mismatch"
"28502","Native",34,12,"reflexive","tt","reflexive tt",3,1,0,NA,"Unambiguous","Match"
"28504","Native",34,15,"reflexive","tt","reflexive tt",2,0,1010,1010,"Ambiguous","Mismatch"
"28506","Native",34,10,"reflexive","tt","reflexive tt",1,0,230,230,"Ambiguous","Match"
"28508","Native",34,23,"reflexive","tt","reflexive tt",2,0,196,196,"Ambiguous","Mismatch"
"28510","Native",34,9,"reflexive","tt","reflexive tt",4,0,240,240,"Unambiguous","Mismatch"
"28512","Native",34,6,"reflexive","tt","reflexive tt",1,0,142,142,"Ambiguous","Match"
"28513","Native",35,23,"reflexive","tt","reflexive tt",2,0,790,790,"Ambiguous","Mismatch"
"28515","Native",35,1,"reflexive","tt","reflexive tt",4,0,708,708,"Unambiguous","Mismatch"
"28517","Native",35,10,"reflexive","tt","reflexive tt",1,0,442,442,"Ambiguous","Match"
"28519","Native",35,4,"reflexive","tt","reflexive tt",3,0,508,508,"Unambiguous","Match"
"28521","Native",35,18,"reflexive","tt","reflexive tt",1,0,442,442,"Ambiguous","Match"
"28523","Native",35,9,"reflexive","tt","reflexive tt",4,0,502,502,"Unambiguous","Mismatch"
"28525","Native",35,20,"reflexive","tt","reflexive tt",3,0,202,202,"Unambiguous","Match"
"28527","Native",35,17,"reflexive","tt","reflexive tt",4,0,214,214,"Unambiguous","Mismatch"
"28529","Native",35,14,"reflexive","tt","reflexive tt",1,0,294,294,"Ambiguous","Match"
"28531","Native",35,2,"reflexive","tt","reflexive tt",1,0,212,212,"Ambiguous","Match"
"28533","Native",35,15,"reflexive","tt","reflexive tt",2,0,244,244,"Ambiguous","Mismatch"
"28535","Native",35,19,"reflexive","tt","reflexive tt",2,0,262,262,"Ambiguous","Mismatch"
"28537","Native",35,3,"reflexive","tt","reflexive tt",2,0,168,168,"Ambiguous","Mismatch"
"28539","Native",35,12,"reflexive","tt","reflexive tt",3,0,232,232,"Unambiguous","Match"
"28541","Native",35,11,"reflexive","tt","reflexive tt",2,0,170,170,"Ambiguous","Mismatch"
"28543","Native",35,24,"reflexive","tt","reflexive tt",3,0,168,168,"Unambiguous","Match"
"28545","Native",35,7,"reflexive","tt","reflexive tt",2,0,238,238,"Ambiguous","Mismatch"
"28547","Native",35,21,"reflexive","tt","reflexive tt",4,0,236,236,"Unambiguous","Mismatch"
"28549","Native",35,5,"reflexive","tt","reflexive tt",4,0,204,204,"Unambiguous","Mismatch"
"28551","Native",35,22,"reflexive","tt","reflexive tt",1,0,410,410,"Ambiguous","Match"
"28553","Native",35,6,"reflexive","tt","reflexive tt",1,0,194,194,"Ambiguous","Match"
"28555","Native",35,13,"reflexive","tt","reflexive tt",4,0,478,478,"Unambiguous","Mismatch"
"28557","Native",35,8,"reflexive","tt","reflexive tt",3,0,388,388,"Unambiguous","Match"
"28559","Native",35,16,"reflexive","tt","reflexive tt",3,0,192,192,"Unambiguous","Match"
"28561","Native",36,24,"reflexive","tt","reflexive tt",4,0,208,208,"Unambiguous","Mismatch"
"28563","Native",36,19,"reflexive","tt","reflexive tt",3,1,0,NA,"Unambiguous","Match"
"28565","Native",36,12,"reflexive","tt","reflexive tt",4,0,391,391,"Unambiguous","Mismatch"
"28567","Native",36,21,"reflexive","tt","reflexive tt",1,0,160,160,"Ambiguous","Match"
"28569","Native",36,4,"reflexive","tt","reflexive tt",4,0,175,175,"Unambiguous","Mismatch"
"28571","Native",36,13,"reflexive","tt","reflexive tt",1,0,231,231,"Ambiguous","Match"
"28573","Native",36,11,"reflexive","tt","reflexive tt",3,0,187,187,"Unambiguous","Match"
"28575","Native",36,22,"reflexive","tt","reflexive tt",2,1,0,NA,"Ambiguous","Mismatch"
"28577","Native",36,5,"reflexive","tt","reflexive tt",1,0,179,179,"Ambiguous","Match"
"28579","Native",36,18,"reflexive","tt","reflexive tt",2,0,239,239,"Ambiguous","Mismatch"
"28581","Native",36,8,"reflexive","tt","reflexive tt",4,0,250,250,"Unambiguous","Mismatch"
"28583","Native",36,6,"reflexive","tt","reflexive tt",2,0,233,233,"Ambiguous","Mismatch"
"28585","Native",36,2,"reflexive","tt","reflexive tt",2,0,175,175,"Ambiguous","Mismatch"
"28587","Native",36,15,"reflexive","tt","reflexive tt",3,0,261,261,"Unambiguous","Match"
"28589","Native",36,14,"reflexive","tt","reflexive tt",2,0,289,289,"Ambiguous","Mismatch"
"28591","Native",36,1,"reflexive","tt","reflexive tt",1,0,213,213,"Ambiguous","Match"
"28593","Native",36,7,"reflexive","tt","reflexive tt",3,0,274,274,"Unambiguous","Match"
"28595","Native",36,20,"reflexive","tt","reflexive tt",4,0,607,607,"Unambiguous","Mismatch"
"28597","Native",36,23,"reflexive","tt","reflexive tt",3,0,177,177,"Unambiguous","Match"
"28599","Native",36,17,"reflexive","tt","reflexive tt",1,0,177,177,"Ambiguous","Match"
"28601","Native",36,16,"reflexive","tt","reflexive tt",4,0,235,235,"Unambiguous","Mismatch"
"28603","Native",36,9,"reflexive","tt","reflexive tt",1,0,193,193,"Ambiguous","Match"
"28605","Native",36,10,"reflexive","tt","reflexive tt",2,0,950,950,"Ambiguous","Mismatch"
"28607","Native",36,3,"reflexive","tt","reflexive tt",3,0,266,266,"Unambiguous","Match"
"28609","Native",37,15,"reflexive","tt","reflexive tt",4,0,325,325,"Unambiguous","Mismatch"
"28611","Native",37,20,"reflexive","tt","reflexive tt",1,0,152,152,"Ambiguous","Match"
"28613","Native",37,5,"reflexive","tt","reflexive tt",2,0,141,141,"Ambiguous","Mismatch"
"28615","Native",37,24,"reflexive","tt","reflexive tt",1,0,289,289,"Ambiguous","Match"
"28617","Native",37,3,"reflexive","tt","reflexive tt",4,0,569,569,"Unambiguous","Mismatch"
"28619","Native",37,4,"reflexive","tt","reflexive tt",1,0,153,153,"Ambiguous","Match"
"28621","Native",37,6,"reflexive","tt","reflexive tt",3,0,135,135,"Unambiguous","Match"
"28623","Native",37,13,"reflexive","tt","reflexive tt",2,1,0,NA,"Ambiguous","Mismatch"
"28625","Native",37,1,"reflexive","tt","reflexive tt",2,0,157,157,"Ambiguous","Mismatch"
"28627","Native",37,16,"reflexive","tt","reflexive tt",1,0,97,97,"Ambiguous","Match"
"28629","Native",37,9,"reflexive","tt","reflexive tt",2,0,173,173,"Ambiguous","Mismatch"
"28631","Native",37,19,"reflexive","tt","reflexive tt",4,0,155,155,"Unambiguous","Mismatch"
"28633","Native",37,17,"reflexive","tt","reflexive tt",2,0,160,160,"Ambiguous","Mismatch"
"28635","Native",37,22,"reflexive","tt","reflexive tt",3,0,191,191,"Unambiguous","Match"
"28637","Native",37,14,"reflexive","tt","reflexive tt",3,0,156,156,"Unambiguous","Match"
"28639","Native",37,2,"reflexive","tt","reflexive tt",3,0,143,143,"Unambiguous","Match"
"28641","Native",37,23,"reflexive","tt","reflexive tt",4,0,197,197,"Unambiguous","Mismatch"
"28643","Native",37,8,"reflexive","tt","reflexive tt",1,0,200,200,"Ambiguous","Match"
"28645","Native",37,7,"reflexive","tt","reflexive tt",4,0,191,191,"Unambiguous","Mismatch"
"28647","Native",37,11,"reflexive","tt","reflexive tt",4,0,155,155,"Unambiguous","Mismatch"
"28649","Native",37,10,"reflexive","tt","reflexive tt",3,0,214,214,"Unambiguous","Match"
"28651","Native",37,12,"reflexive","tt","reflexive tt",1,0,162,162,"Ambiguous","Match"
"28653","Native",37,18,"reflexive","tt","reflexive tt",3,0,290,290,"Unambiguous","Match"
"28655","Native",37,21,"reflexive","tt","reflexive tt",2,0,148,148,"Ambiguous","Mismatch"
"28658","Native",38,17,"reflexive","tt","reflexive tt",3,0,308,308,"Unambiguous","Match"
"28660","Native",38,2,"reflexive","tt","reflexive tt",4,0,686,686,"Unambiguous","Mismatch"
"28662","Native",38,14,"reflexive","tt","reflexive tt",4,0,871,871,"Unambiguous","Mismatch"
"28664","Native",38,21,"reflexive","tt","reflexive tt",3,1,0,NA,"Unambiguous","Match"
"28666","Native",38,11,"reflexive","tt","reflexive tt",1,0,180,180,"Ambiguous","Match"
"28668","Native",38,9,"reflexive","tt","reflexive tt",3,0,145,145,"Unambiguous","Match"
"28670","Native",38,13,"reflexive","tt","reflexive tt",3,0,194,194,"Unambiguous","Match"
"28672","Native",38,24,"reflexive","tt","reflexive tt",2,0,212,212,"Ambiguous","Mismatch"
"28674","Native",38,20,"reflexive","tt","reflexive tt",2,0,235,235,"Ambiguous","Mismatch"
"28676","Native",38,6,"reflexive","tt","reflexive tt",4,0,611,611,"Unambiguous","Mismatch"
"28678","Native",38,3,"reflexive","tt","reflexive tt",1,1,0,NA,"Ambiguous","Match"
"28680","Native",38,23,"reflexive","tt","reflexive tt",1,1,0,NA,"Ambiguous","Match"
"28682","Native",38,5,"reflexive","tt","reflexive tt",3,0,223,223,"Unambiguous","Match"
"28684","Native",38,12,"reflexive","tt","reflexive tt",2,0,286,286,"Ambiguous","Mismatch"
"28686","Native",38,8,"reflexive","tt","reflexive tt",2,0,435,435,"Ambiguous","Mismatch"
"28688","Native",38,16,"reflexive","tt","reflexive tt",2,0,166,166,"Ambiguous","Mismatch"
"28690","Native",38,22,"reflexive","tt","reflexive tt",4,0,312,312,"Unambiguous","Mismatch"
"28692","Native",38,19,"reflexive","tt","reflexive tt",1,0,157,157,"Ambiguous","Match"
"28694","Native",38,7,"reflexive","tt","reflexive tt",1,1,0,NA,"Ambiguous","Match"
"28696","Native",38,18,"reflexive","tt","reflexive tt",4,0,147,147,"Unambiguous","Mismatch"
"28698","Native",38,15,"reflexive","tt","reflexive tt",1,0,138,138,"Ambiguous","Match"
"28700","Native",38,1,"reflexive","tt","reflexive tt",3,0,187,187,"Unambiguous","Match"
"28702","Native",38,10,"reflexive","tt","reflexive tt",4,0,226,226,"Unambiguous","Mismatch"
"28704","Native",38,4,"reflexive","tt","reflexive tt",2,0,375,375,"Ambiguous","Mismatch"
"28706","Native",39,19,"reflexive","tt","reflexive tt",2,0,327,327,"Ambiguous","Mismatch"
"28708","Native",39,9,"reflexive","tt","reflexive tt",4,0,236,236,"Unambiguous","Mismatch"
"28710","Native",39,15,"reflexive","tt","reflexive tt",2,0,861,861,"Ambiguous","Mismatch"
"28712","Native",39,4,"reflexive","tt","reflexive tt",3,0,487,487,"Unambiguous","Match"
"28714","Native",39,20,"reflexive","tt","reflexive tt",3,0,400,400,"Unambiguous","Match"
"28716","Native",39,3,"reflexive","tt","reflexive tt",2,0,1210,1210,"Ambiguous","Mismatch"
"28718","Native",39,2,"reflexive","tt","reflexive tt",1,0,232,232,"Ambiguous","Match"
"28720","Native",39,11,"reflexive","tt","reflexive tt",2,0,548,548,"Ambiguous","Mismatch"
"28722","Native",39,23,"reflexive","tt","reflexive tt",2,0,979,979,"Ambiguous","Mismatch"
"28724","Native",39,8,"reflexive","tt","reflexive tt",3,0,240,240,"Unambiguous","Match"
"28726","Native",39,7,"reflexive","tt","reflexive tt",2,0,167,167,"Ambiguous","Mismatch"
"28728","Native",39,12,"reflexive","tt","reflexive tt",3,0,164,164,"Unambiguous","Match"
"28730","Native",39,1,"reflexive","tt","reflexive tt",4,0,515,515,"Unambiguous","Mismatch"
"28732","Native",39,24,"reflexive","tt","reflexive tt",3,0,277,277,"Unambiguous","Match"
"28734","Native",39,22,"reflexive","tt","reflexive tt",1,0,402,402,"Ambiguous","Match"
"28736","Native",39,17,"reflexive","tt","reflexive tt",4,0,460,460,"Unambiguous","Mismatch"
"28738","Native",39,6,"reflexive","tt","reflexive tt",1,0,215,215,"Ambiguous","Match"
"28740","Native",39,16,"reflexive","tt","reflexive tt",3,0,409,409,"Unambiguous","Match"
"28742","Native",39,14,"reflexive","tt","reflexive tt",1,0,467,467,"Ambiguous","Match"
"28744","Native",39,10,"reflexive","tt","reflexive tt",1,0,399,399,"Ambiguous","Match"
"28746","Native",39,5,"reflexive","tt","reflexive tt",4,0,315,315,"Unambiguous","Mismatch"
"28748","Native",39,18,"reflexive","tt","reflexive tt",1,0,295,295,"Ambiguous","Match"
"28750","Native",39,13,"reflexive","tt","reflexive tt",4,0,880,880,"Unambiguous","Mismatch"
"28752","Native",39,21,"reflexive","tt","reflexive tt",4,0,390,390,"Unambiguous","Mismatch"
"28753","Native",40,22,"reflexive","tt","reflexive tt",2,0,330,330,"Ambiguous","Mismatch"
"28755","Native",40,24,"reflexive","tt","reflexive tt",4,0,165,165,"Unambiguous","Mismatch"
"28757","Native",40,19,"reflexive","tt","reflexive tt",3,0,275,275,"Unambiguous","Match"
"28759","Native",40,18,"reflexive","tt","reflexive tt",2,0,180,180,"Ambiguous","Mismatch"
"28761","Native",40,8,"reflexive","tt","reflexive tt",4,0,222,222,"Unambiguous","Mismatch"
"28763","Native",40,9,"reflexive","tt","reflexive tt",1,0,300,300,"Ambiguous","Match"
"28765","Native",40,17,"reflexive","tt","reflexive tt",1,0,143,143,"Ambiguous","Match"
"28767","Native",40,3,"reflexive","tt","reflexive tt",3,1,0,NA,"Unambiguous","Match"
"28769","Native",40,10,"reflexive","tt","reflexive tt",2,0,166,166,"Ambiguous","Mismatch"
"28771","Native",40,7,"reflexive","tt","reflexive tt",3,0,172,172,"Unambiguous","Match"
"28773","Native",40,1,"reflexive","tt","reflexive tt",1,0,145,145,"Ambiguous","Match"
"28775","Native",40,16,"reflexive","tt","reflexive tt",4,0,139,139,"Unambiguous","Mismatch"
"28777","Native",40,12,"reflexive","tt","reflexive tt",4,0,169,169,"Unambiguous","Mismatch"
"28779","Native",40,14,"reflexive","tt","reflexive tt",2,0,155,155,"Ambiguous","Mismatch"
"28781","Native",40,13,"reflexive","tt","reflexive tt",1,1,0,NA,"Ambiguous","Match"
"28783","Native",40,2,"reflexive","tt","reflexive tt",2,1,0,NA,"Ambiguous","Mismatch"
"28785","Native",40,5,"reflexive","tt","reflexive tt",1,0,117,117,"Ambiguous","Match"
"28787","Native",40,11,"reflexive","tt","reflexive tt",3,0,140,140,"Unambiguous","Match"
"28789","Native",40,15,"reflexive","tt","reflexive tt",3,0,393,393,"Unambiguous","Match"
"28791","Native",40,20,"reflexive","tt","reflexive tt",4,1,0,NA,"Unambiguous","Mismatch"
"28793","Native",40,23,"reflexive","tt","reflexive tt",3,0,152,152,"Unambiguous","Match"
"28795","Native",40,4,"reflexive","tt","reflexive tt",4,0,177,177,"Unambiguous","Mismatch"
"28797","Native",40,6,"reflexive","tt","reflexive tt",2,1,0,NA,"Ambiguous","Mismatch"
"28799","Native",40,21,"reflexive","tt","reflexive tt",1,1,0,NA,"Ambiguous","Match"
